{
    "parent": "item/handheld",
    "textures": {
	"layer0": "item/carrot_on_a_stick"
    },

    "overrides": [
        { "predicate": { "custom_model_data": 987891 }, "model": "da:skins/excalibur_hilt" },
		{ "predicate": { "custom_model_data": 987892 }, "model": "da:skins/ws" },
        { "predicate": { "custom_model_data": 987893 }, "model": "da:skins/r4" },
        { "predicate": { "custom_model_data": 987894 }, "model": "da:skins/ll" },
        { "predicate": { "custom_model_data": 987895 }, "model": "da:skins/wzs" },
        { "predicate": { "custom_model_data": 987896 }, "model": "da:skins/voas" },
        { "predicate": { "custom_model_data": 987897 }, "model": "da:skins/ra" }
	]
}
