{
    "parent": "item/handheld",
    "textures": {
	"layer0": "item/netherite_sword"
    },

    "overrides": [
		{ "predicate": { "custom_model_data": 987892 }, "model": "da:skins/excalibur" },
		{ "predicate": { "custom_model_data": 987893 }, "model": "da:skins/fs"},
        { "predicate": { "custom_model_data": 987894 }, "model": "da:skins/fs1"},
        { "predicate": { "custom_model_data": 987895 }, "model": "da:skins/fs2"},
        { "predicate": { "custom_model_data": 987896 }, "model": "da:skins/fs3"},
        { "predicate": { "custom_model_data": 987897 }, "model": "da:skins/fs4"},
        { "predicate": { "custom_model_data": 987898 }, "model": "da:skins/fs5"},
        { "predicate": { "custom_model_data": 987899 }, "model": "da:skins/fs6"},
        { "predicate": { "custom_model_data": 9878910 }, "model": "da:skins/fs7"},
        { "predicate": { "custom_model_data": 9878911 }, "model": "da:skins/fs8"},
        { "predicate": { "custom_model_data": 9878912 }, "model": "da:skins/fs9"},
        { "predicate": { "custom_model_data": 9878913 }, "model": "da:skins/fs10"},
        { "predicate": { "custom_model_data": 9878914 }, "model": "da:skins/fs11"},
        { "predicate": { "custom_model_data": 9878915 }, "model": "da:skins/fs12"},
        { "predicate": { "custom_model_data": 9878916 }, "model": "da:skins/fs13"},
        { "predicate": { "custom_model_data": 9878917 }, "model": "da:skins/fs14"},
        { "predicate": { "custom_model_data": 9878918 }, "model": "da:skins/fs15"},
        { "predicate": { "custom_model_data": 9878919 }, "model": "da:skins/fs16"},
        { "predicate": { "custom_model_data": 9878920 }, "model": "da:skins/fs17"},
        { "predicate": { "custom_model_data": 9878921 }, "model": "da:skins/fs18"},
        { "predicate": { "custom_model_data": 9878922 }, "model": "da:skins/fs19"},
        { "predicate": { "custom_model_data": 9878923 }, "model": "da:skins/fs20"},
        { "predicate": { "custom_model_data": 9878924 }, "model": "da:skins/sts" }
	]
}
