{
    "providers": [
        {
            "type": "bitmap",
            "file": "minecraft:custom/f.png",
            "ascent": -14,
            "height": 10,
            "chars": ["\uE000"]
        },
        {
            "type": "bitmap",
            "file": "minecraft:custom/h.png",
            "ascent": -14,
            "height": 10,
            "chars": ["\uE001"]
        },
        {
            "type": "bitmap",
            "file": "minecraft:custom/e.png",
            "ascent": -14,
            "height": 10,
            "chars": ["\uE002"]
        },
        {
            "type": "bitmap",
            "file": "minecraft:custom/p.png",
            "ascent": -14,
            "height": 10,
            "chars": ["\uE003"]
        },
        {
            "type": "bitmap",
            "file": "minecraft:custom/ph.png",
            "ascent": -14,
            "height": 10,
            "chars": ["\uE004"]
        },
        {
            "type": "bitmap",
            "file": "minecraft:custom/pe.png",
            "ascent": -14,
            "height": 10,
            "chars": ["\uE005"]
        },
        {
            "type": "bitmap",
            "file": "minecraft:custom/space.png",
            "ascent": -32768,
            "height": 31,
            "chars": [
                "\uF82A"
            ]
        }
    ]
}
