{
	"credit": "Made with Blockbench",
	"texture_size": [32, 32],
	"textures": {
		"0": "da:t/et",
		"particle": "da:t/et"
	},
	"elements": [
		{
			"from": [0, -11.5, 0],
			"to": [1, -3.5, 1],
			"rotation": {"angle": 45, "axis": "y", "origin": [0.5, -11.5, 0.5]},
			"faces": {
				"north": {"uv": [13.25, 0, 13.5, 3.125], "texture": "#0"},
				"east": {"uv": [13.25, 0, 13.5, 3.125], "texture": "#0"},
				"south": {"uv": [13.25, 0, 13.5, 3.125], "texture": "#0"},
				"west": {"uv": [13.25, 0, 13.5, 3.125], "texture": "#0"},
				"up": {"uv": [13.25, 0, 13.5, 3.125], "texture": "#0"},
				"down": {"uv": [13.25, 0, 13.5, 3.125], "texture": "#0"}
			}
		},
		{
			"from": [-2, -3, 0.1],
			"to": [3, 27, 0.9],
			"rotation": {"angle": 0, "axis": "y", "origin": [0, -16, 0.1]},
			"faces": {
				"north": {"uv": [13.5, 0, 16, 15], "texture": "#0"},
				"east": {"uv": [15.625, 0, 16, 15], "texture": "#0"},
				"south": {"uv": [13.5, 0, 16, 15], "texture": "#0"},
				"west": {"uv": [13.875, 10.25, 14, 10.375], "texture": "#0"},
				"up": {"uv": [14, 3.125, 14.125, 3.25], "texture": "#0"},
				"down": {"uv": [14.875, 4.875, 15, 5], "texture": "#0"}
			}
		},
		{
			"from": [-9, -2.9, 0.1],
			"to": [-4, -1.9, 0.9],
			"rotation": {"angle": -22.5, "axis": "z", "origin": [-6, -6.25, 0.5]},
			"faces": {
				"north": {"uv": [15.125, 15, 15.25, 15.125], "texture": "#0"},
				"east": {"uv": [15.125, 15, 15.25, 15.125], "texture": "#0"},
				"south": {"uv": [15.125, 15, 15.25, 15.125], "texture": "#0"},
				"west": {"uv": [15.125, 15, 15.25, 15.125], "texture": "#0"},
				"up": {"uv": [15.125, 15, 15.25, 15.125], "texture": "#0"},
				"down": {"uv": [15.125, 15, 15.25, 15.125], "texture": "#0"}
			}
		},
		{
			"from": [4.75, -3.9, 0.1],
			"to": [9.75, -2.9, 0.9],
			"rotation": {"angle": 22.5, "axis": "z", "origin": [4.5, -6.5, 0.5]},
			"faces": {
				"north": {"uv": [15.125, 15, 15.25, 15.125], "texture": "#0"},
				"east": {"uv": [15.125, 15, 15.25, 15.125], "texture": "#0"},
				"south": {"uv": [15.125, 15, 15.25, 15.125], "texture": "#0"},
				"west": {"uv": [15.125, 15, 15.25, 15.125], "texture": "#0"},
				"up": {"uv": [15.125, 15, 15.25, 15.125], "texture": "#0"},
				"down": {"uv": [15.125, 15, 15.25, 15.125], "texture": "#0"}
			}
		},
		{
			"from": [-1.1784, 25.3751, 0],
			"to": [2.3216, 28.8751, 1],
			"rotation": {"angle": 45, "axis": "z", "origin": [0.67157, 27.02513, 0.5]},
			"faces": {
				"north": {"uv": [15.875, 0, 16, 0.125], "texture": "#0"},
				"east": {"uv": [15.875, 0, 16, 0.125], "texture": "#0"},
				"south": {"uv": [15.875, 0, 16, 0.125], "texture": "#0"},
				"west": {"uv": [15.875, 0, 16, 0.125], "texture": "#0"},
				"up": {"uv": [15.875, 0, 16, 0.125], "texture": "#0"},
				"down": {"uv": [15.875, 0, 16, 0.125], "texture": "#0"}
			}
		},
		{
			"from": [-0.25, -13, -0.25],
			"to": [1.25, -11.5, 1.25],
			"faces": {
				"north": {"uv": [15.125, 15, 15.25, 15.125], "texture": "#0"},
				"east": {"uv": [15.125, 15, 15.25, 15.125], "texture": "#0"},
				"south": {"uv": [15.125, 15, 15.25, 15.125], "texture": "#0"},
				"west": {"uv": [15.125, 15, 15.25, 15.125], "texture": "#0"},
				"up": {"uv": [15.125, 15, 15.25, 15.125], "texture": "#0"},
				"down": {"uv": [15.125, 15, 15.25, 15.125], "texture": "#0"}
			}
		},
		{
			"from": [-1, -5, -0.25],
			"to": [2, -2, 1.25],
			"faces": {
				"north": {"uv": [15.125, 15, 16, 15.875], "texture": "#0"},
				"east": {"uv": [15.125, 15, 15.25, 15.125], "texture": "#0"},
				"south": {"uv": [15.125, 15, 16, 15.875], "texture": "#0"},
				"west": {"uv": [15.125, 15, 15.25, 15.125], "texture": "#0"},
				"up": {"uv": [15.125, 15, 15.25, 15.125], "texture": "#0"},
				"down": {"uv": [15.125, 15, 15.25, 15.125], "texture": "#0"}
			}
		},
		{
			"from": [-3, -4, 0],
			"to": [4, -3, 1],
			"faces": {
				"north": {"uv": [15.125, 15, 15.25, 15.125], "texture": "#0"},
				"east": {"uv": [15.125, 15, 15.25, 15.125], "texture": "#0"},
				"south": {"uv": [15.125, 15, 15.25, 15.125], "texture": "#0"},
				"west": {"uv": [15.125, 15, 15.25, 15.125], "texture": "#0"},
				"up": {"uv": [15.125, 15, 15.25, 15.125], "texture": "#0"},
				"down": {"uv": [15.125, 15, 15.25, 15.125], "texture": "#0"}
			}
		}
	],
	"display": {
		"thirdperson_righthand": {
			"rotation": [0, 90, 0],
			"translation": [7.25, 19.75, -6],
			"scale": [1, 1.5, 1]
		},
		"thirdperson_lefthand": {
			"rotation": [0, 90, 0],
			"translation": [7, 19.75, 9],
			"scale": [1, 1.5, 1]
		},
		"firstperson_righthand": {
			"rotation": [168.89, -85.44, 169.69],
			"translation": [-5.25, 11.25, 2.25],
			"scale": [0.4, 0.82, 1]
		},
		"firstperson_lefthand": {
			"rotation": [0, 2, 18],
			"translation": [-7.75, 19, -0.5],
			"scale": [1, 1.38, 1]
		},
		"ground": {
			"translation": [7.25, 17.25, 6]
		},
		"gui": {
			"translation": [3, 0.25, 0],
			"scale": [0.35, 0.35, 1]
		},
		"fixed": {
			"translation": [3.25, 0, 7.75],
			"scale": [0.42, 0.42, 1.1]
		}
	},
	"groups": [
		{
			"name": "group",
			"origin": [0, 0, 0],
			"color": 0,
			"nbt": "{}",
			"armAnimationEnabled": false,
			"children": [0, 1, 2, 3, 4, 5, 6, 7]
		}
	]
}