{
	"credit": "Made with Blockbench",
	"texture_size": [32, 32],
	"textures": {
		"0": "da:t/krt",
		"particle": "da:t/krt"
	},
	"elements": [
		{
			"from": [14.125, 17, 12],
			"to": [16.125, 20, 13],
			"rotation": {"angle": 0, "axis": "y", "origin": [17.5, 18.5, 15.125]},
			"faces": {
				"north": {"uv": [10.5, 10.75, 15, 16], "texture": "#0"},
				"east": {"uv": [0, 0, 0.25, 0.75], "texture": "#0"},
				"south": {"uv": [0, 0, 0.5, 0.75], "texture": "#0"},
				"west": {"uv": [0, 0, 0.25, 0.75], "texture": "#0"},
				"up": {"uv": [0, 0, 0.25, 0.5], "rotation": 90, "texture": "#0"},
				"down": {"uv": [0, 0, 0.25, 0.5], "rotation": 270, "texture": "#0"}
			}
		},
		{
			"from": [14.125, 17, 17],
			"to": [16.125, 20, 18],
			"rotation": {"angle": 0, "axis": "y", "origin": [17.5, 18.5, 15.125]},
			"faces": {
				"north": {"uv": [0, 0, 0.5, 0.75], "texture": "#0"},
				"east": {"uv": [0, 0, 0.25, 0.75], "texture": "#0"},
				"south": {"uv": [10.5, 10.25, 15, 16], "texture": "#0"},
				"west": {"uv": [0, 0, 0.25, 0.75], "texture": "#0"},
				"up": {"uv": [0, 0, 0.25, 0.5], "rotation": 90, "texture": "#0"},
				"down": {"uv": [0, 0, 0.25, 0.5], "rotation": 270, "texture": "#0"}
			}
		},
		{
			"from": [17, 17, 14.125],
			"to": [18, 20, 16.125],
			"faces": {
				"north": {"uv": [0, 0, 0.25, 0.75], "texture": "#0"},
				"east": {"uv": [10.5, 10.25, 15, 16], "texture": "#0"},
				"south": {"uv": [0, 0, 0.25, 0.75], "texture": "#0"},
				"west": {"uv": [0, 0, 0.5, 0.75], "texture": "#0"},
				"up": {"uv": [0, 0, 0.25, 0.5], "texture": "#0"},
				"down": {"uv": [0, 0, 0.25, 0.5], "texture": "#0"}
			}
		},
		{
			"from": [12, 17, 14.125],
			"to": [13, 20, 16.125],
			"faces": {
				"north": {"uv": [0, 0, 0.25, 0.75], "texture": "#0"},
				"east": {"uv": [0, 0, 0.5, 0.75], "texture": "#0"},
				"south": {"uv": [0, 0, 0.25, 0.75], "texture": "#0"},
				"west": {"uv": [10.5, 10.75, 15, 16], "texture": "#0"},
				"up": {"uv": [0, 0, 0.25, 0.5], "texture": "#0"},
				"down": {"uv": [0, 0, 0.25, 0.5], "texture": "#0"}
			}
		},
		{
			"from": [12.5, 8, 6.5],
			"to": [17.5, 10, 13.5],
			"rotation": {"angle": -22.5, "axis": "x", "origin": [15, 9.5, 9]},
			"faces": {
				"north": {"uv": [0, 0, 1.25, 0.5], "texture": "#0"},
				"east": {"uv": [0, 0, 1.75, 0.5], "texture": "#0"},
				"south": {"uv": [0, 0, 1.25, 0.5], "texture": "#0"},
				"west": {"uv": [0, 0, 1.75, 0.5], "texture": "#0"},
				"up": {"uv": [0, 0, 1.75, 1.25], "rotation": 90, "texture": "#0"},
				"down": {"uv": [0, 0, 1.75, 1.25], "rotation": 270, "texture": "#0"}
			}
		},
		{
			"from": [12.5, 8, 16.5],
			"to": [17.5, 10, 23.5],
			"rotation": {"angle": 22.5, "axis": "x", "origin": [15, 9, 21]},
			"faces": {
				"north": {"uv": [0, 0, 1.25, 0.5], "texture": "#0"},
				"east": {"uv": [0, 0, 1.75, 0.5], "texture": "#0"},
				"south": {"uv": [0, 0, 1.25, 0.5], "texture": "#0"},
				"west": {"uv": [0, 0, 1.75, 0.5], "texture": "#0"},
				"up": {"uv": [0, 0, 1.75, 1.25], "rotation": 90, "texture": "#0"},
				"down": {"uv": [0, 0, 1.75, 1.25], "rotation": 270, "texture": "#0"}
			}
		},
		{
			"from": [16.5, 8, 12.5],
			"to": [23.5, 10, 17.5],
			"rotation": {"angle": -22.5, "axis": "z", "origin": [21, 9, 15]},
			"faces": {
				"north": {"uv": [0, 0, 1.75, 0.5], "texture": "#0"},
				"east": {"uv": [0, 0, 1.25, 0.5], "texture": "#0"},
				"south": {"uv": [0, 0, 1.75, 0.5], "texture": "#0"},
				"west": {"uv": [0, 0, 1.25, 0.5], "texture": "#0"},
				"up": {"uv": [0, 0, 1.75, 1.25], "texture": "#0"},
				"down": {"uv": [0, 0, 1.75, 1.25], "texture": "#0"}
			}
		},
		{
			"from": [6.5, 8, 12.5],
			"to": [13.5, 10, 17.5],
			"rotation": {"angle": 22.5, "axis": "z", "origin": [9, 9, 15]},
			"faces": {
				"north": {"uv": [0, 0, 1.75, 0.5], "texture": "#0"},
				"east": {"uv": [0, 0, 1.25, 0.5], "texture": "#0"},
				"south": {"uv": [0, 0, 1.75, 0.5], "texture": "#0"},
				"west": {"uv": [0, 0, 1.25, 0.5], "texture": "#0"},
				"up": {"uv": [0, 0, 1.75, 1.25], "texture": "#0"},
				"down": {"uv": [0, 0, 1.75, 1.25], "texture": "#0"}
			}
		},
		{
			"from": [16, 22, 12.55],
			"to": [19, 29, 17.45],
			"rotation": {"angle": -45, "axis": "z", "origin": [20.5, 25.5, 15]},
			"faces": {
				"north": {"uv": [0, 0, 0.75, 1.75], "texture": "#0"},
				"east": {"uv": [0, 0, 1.225, 1.75], "texture": "#0"},
				"south": {"uv": [0, 0, 0.75, 1.75], "texture": "#0"},
				"west": {"uv": [0, 0, 1.225, 1.75], "texture": "#0"},
				"up": {"uv": [0, 0, 1.225, 0.75], "rotation": 270, "texture": "#0"},
				"down": {"uv": [0, 0, 1.225, 0.75], "rotation": 90, "texture": "#0"}
			}
		},
		{
			"from": [11, 22, 12.55],
			"to": [14, 29, 17.45],
			"rotation": {"angle": 45, "axis": "z", "origin": [9.5, 25.5, 15]},
			"faces": {
				"north": {"uv": [0, 0, 0.75, 1.75], "texture": "#0"},
				"east": {"uv": [0, 0, 1.225, 1.75], "texture": "#0"},
				"south": {"uv": [0, 0, 0.75, 1.75], "texture": "#0"},
				"west": {"uv": [0, 0, 1.225, 1.75], "texture": "#0"},
				"up": {"uv": [0, 0, 1.225, 0.75], "rotation": 270, "texture": "#0"},
				"down": {"uv": [0, 0, 1.225, 0.75], "rotation": 90, "texture": "#0"}
			}
		},
		{
			"from": [12.55, 22, 16],
			"to": [17.45, 29, 19],
			"rotation": {"angle": 45, "axis": "x", "origin": [15, 25.5, 20.5]},
			"faces": {
				"north": {"uv": [0, 0, 1.225, 1.75], "texture": "#0"},
				"east": {"uv": [0, 0, 0.75, 1.75], "texture": "#0"},
				"south": {"uv": [0, 0, 1.225, 1.75], "texture": "#0"},
				"west": {"uv": [0, 0, 0.75, 1.75], "texture": "#0"},
				"up": {"uv": [0, 0, 1.225, 0.75], "texture": "#0"},
				"down": {"uv": [0, 0, 1.225, 0.75], "texture": "#0"}
			}
		},
		{
			"from": [12.55, 24, 11],
			"to": [17.45, 31, 14],
			"rotation": {"angle": -45, "axis": "x", "origin": [15, 26.5, 11.5]},
			"faces": {
				"north": {"uv": [0, 0, 1.225, 1.75], "texture": "#0"},
				"east": {"uv": [0, 0, 0.75, 1.75], "texture": "#0"},
				"south": {"uv": [0, 0, 1.225, 1.75], "texture": "#0"},
				"west": {"uv": [0, 0, 0.75, 1.75], "texture": "#0"},
				"up": {"uv": [0, 0, 1.225, 0.75], "texture": "#0"},
				"down": {"uv": [0, 0, 1.225, 0.75], "texture": "#0"}
			}
		},
		{
			"from": [12.5, 9, 12.5],
			"to": [17.5, 29, 17.5],
			"faces": {
				"north": {"uv": [0, 0, 2.5, 10], "texture": "#0"},
				"east": {"uv": [2.5, 0, 5, 10], "texture": "#0"},
				"south": {"uv": [5, 0, 7.5, 10], "texture": "#0"},
				"west": {"uv": [7.5, 0, 10, 10], "texture": "#0"},
				"up": {"uv": [2.5, 12.5, 0, 10], "texture": "#0"},
				"down": {"uv": [12.5, 0, 10, 2.5], "texture": "#0"}
			}
		},
		{
			"from": [0, 29.15, 0],
			"to": [30, 31.85, 30],
			"rotation": {"angle": -22.5, "axis": "y", "origin": [15, 1.5, 15]},
			"faces": {
				"north": {"uv": [0, 0, 4, 0.675], "texture": "#0"},
				"east": {"uv": [0, 0, 4, 0.675], "texture": "#0"},
				"south": {"uv": [0, 0, 4, 0.675], "texture": "#0"},
				"west": {"uv": [0, 0, 4, 0.675], "texture": "#0"},
				"up": {"uv": [0, 0, 10, 10], "rotation": 270, "texture": "#0"},
				"down": {"uv": [0, 0, 10, 10], "rotation": 90, "texture": "#0"}
			}
		},
		{
			"from": [0, 29.1, 0],
			"to": [30, 31.9, 30],
			"rotation": {"angle": 45, "axis": "y", "origin": [15, 1.5, 15]},
			"faces": {
				"north": {"uv": [0, 0, 4, 0.7], "texture": "#0"},
				"east": {"uv": [0, 0, 4, 0.7], "texture": "#0"},
				"south": {"uv": [0, 0, 4, 0.7], "texture": "#0"},
				"west": {"uv": [0, 0, 4, 0.7], "texture": "#0"},
				"up": {"uv": [0, 0, 10, 10], "texture": "#0"},
				"down": {"uv": [0, 0, 10, 10], "texture": "#0"}
			}
		},
		{
			"from": [0, 29.05, 0],
			"to": [30, 31.95, 30],
			"rotation": {"angle": 22.5, "axis": "y", "origin": [15, 1.5, 15]},
			"faces": {
				"north": {"uv": [0, 0, 4, 0.725], "texture": "#0"},
				"east": {"uv": [0, 0, 4, 0.725], "texture": "#0"},
				"south": {"uv": [0, 0, 4, 0.725], "texture": "#0"},
				"west": {"uv": [0, 0, 4, 0.725], "texture": "#0"},
				"up": {"uv": [0, 0, 10, 10], "texture": "#0"},
				"down": {"uv": [0, 0, 10, 10], "texture": "#0"}
			}
		},
		{
			"from": [0, 29, 0],
			"to": [30, 32, 30],
			"rotation": {"angle": 0, "axis": "y", "origin": [15, 1.5, 15]},
			"faces": {
				"north": {"uv": [7.5, 0, 15, 0.75], "texture": "#0"},
				"east": {"uv": [7.5, 0.75, 15, 1.5], "texture": "#0"},
				"south": {"uv": [7.5, 1.5, 15, 2.25], "texture": "#0"},
				"west": {"uv": [7.5, 2.25, 15, 3], "texture": "#0"},
				"up": {"uv": [10, 10, 0, 0], "texture": "#0"},
				"down": {"uv": [10, 0, 0, 10], "texture": "#0"}
			}
		}
	],
	"display": {
		"thirdperson_righthand": {
			"translation": [-7, -9.25, -5.25]
		},
		"thirdperson_lefthand": {
			"translation": [7, -7.75, -5.25]
		},
		"firstperson_righthand": {
			"translation": [-2.75, -21.25, -12.75]
		},
		"firstperson_lefthand": {
			"translation": [5, -3.5, -5.75]
		},
		"gui": {
			"translation": [-3.75, -6, 0],
			"scale": [0.5, 0.5, 0.5]
		},
		"fixed": {
			"translation": [-3.5, -5.75, -4.25],
			"scale": [0.5, 0.5, 0.5]
		}
	},
	"groups": [
		{
			"name": "group",
			"origin": [8, 8, 8],
			"color": 0,
			"nbt": "{}",
			"armAnimationEnabled": false,
			"children": [
				0,
				1,
				2,
				3,
				4,
				5,
				6,
				7,
				8,
				9,
				10,
				11,
				12,
				13,
				14,
				15,
				16,
				{
					"name": "group",
					"origin": [8, 8, 8],
					"color": 0,
					"nbt": "{}",
					"armAnimationEnabled": false,
					"children": []
				}
			]
		}
	]
}