{
	"credit": "Made with Blockbench",
	"textures": {
		"0": "da:t/llt",
		"particle": "da:t/llt"
	},
	"elements": [
		{
			"from": [0, -7, 0],
			"to": [3, 6, 3],
			"faces": {
				"north": {"uv": [9, 8, 16, 16], "texture": "#0"},
				"east": {"uv": [9, 8, 16, 16], "texture": "#0"},
				"south": {"uv": [9, 8, 16, 16], "texture": "#0"},
				"west": {"uv": [9, 8, 16, 16], "texture": "#0"},
				"up": {"uv": [10, 15, 11, 16], "texture": "#0"},
				"down": {"uv": [12, 10, 13, 11], "texture": "#0"}
			}
		},
		{
			"from": [0.5, 6, 0.5],
			"to": [2.5, 19, 2.5],
			"faces": {
				"north": {"uv": [16, 0, 9, 9], "texture": "#0"},
				"east": {"uv": [16, 0, 9, 9], "texture": "#0"},
				"south": {"uv": [16, 0, 9, 9], "texture": "#0"},
				"west": {"uv": [16, 0, 9, 9], "texture": "#0"},
				"up": {"uv": [11, 15, 10, 16], "texture": "#0"},
				"down": {"uv": [16, 0, 9, 9], "texture": "#0"}
			}
		},
		{
			"from": [1, 19, 1],
			"to": [2, 32, 2],
			"faces": {
				"north": {"uv": [16, 0, 9, 1], "texture": "#0"},
				"east": {"uv": [16, 0, 9, 1], "texture": "#0"},
				"south": {"uv": [16, 0, 9, 1], "texture": "#0"},
				"west": {"uv": [16, 0, 9, 1], "texture": "#0"},
				"up": {"uv": [11, 15, 10, 16], "texture": "#0"},
				"down": {"uv": [16, 0, 9, 1], "texture": "#0"}
			}
		},
		{
			"from": [0.75, -16, 0.75],
			"to": [2.25, -7, 2.25],
			"faces": {
				"north": {"uv": [0, 8, 8.5, 16], "texture": "#0"},
				"east": {"uv": [0, 8, 8.5, 16], "texture": "#0"},
				"south": {"uv": [0, 8, 8.5, 16], "texture": "#0"},
				"west": {"uv": [0, 8, 8.5, 16], "texture": "#0"},
				"up": {"uv": [0, 8, 8.5, 16], "texture": "#0"},
				"down": {"uv": [0, 15, 0.5, 16], "texture": "#0"}
			}
		},
		{
			"from": [2.5, -11.5, -0.5],
			"to": [3.5, -6.5, 3.5],
			"rotation": {"angle": 22.5, "axis": "z", "origin": [3, -6.5, 1.5]},
			"faces": {
				"north": {"uv": [0, 7, 5, 8], "rotation": 270, "texture": "#0"},
				"east": {"uv": [4, 0, 8, 4], "rotation": 90, "texture": "#0"},
				"south": {"uv": [0, 7, 5, 8], "rotation": 90, "texture": "#0"},
				"west": {"uv": [0, 7, 5, 8], "rotation": 90, "texture": "#0"},
				"up": {"uv": [0, 7, 5, 8], "rotation": 90, "texture": "#0"},
				"down": {"uv": [0, 7, 5, 8], "rotation": 90, "texture": "#0"}
			}
		},
		{
			"from": [-0.5, -11.5, -0.5],
			"to": [0.5, -6.5, 3.5],
			"rotation": {"angle": -22.5, "axis": "z", "origin": [0, -6.5, 1.5]},
			"faces": {
				"north": {"uv": [0, 7, 4, 8], "rotation": 90, "texture": "#0"},
				"east": {"uv": [0, 7, 4, 8], "rotation": 270, "texture": "#0"},
				"south": {"uv": [0, 7, 4, 8], "rotation": 270, "texture": "#0"},
				"west": {"uv": [5, 3, 9, 8], "rotation": 270, "texture": "#0"},
				"up": {"uv": [0, 7, 4, 8], "rotation": 270, "texture": "#0"},
				"down": {"uv": [0, 7, 4, 8], "rotation": 270, "texture": "#0"}
			}
		},
		{
			"from": [-0.5, -11.5, -0.5],
			"to": [3.5, -6.5, 0.5],
			"rotation": {"angle": 22.5, "axis": "x", "origin": [1.5, -6.5, 0]},
			"faces": {
				"north": {"uv": [0, 3, 5, 8], "rotation": 90, "texture": "#0"},
				"east": {"uv": [0, 7, 5, 8], "texture": "#0"},
				"south": {"uv": [0, 7, 5, 8], "rotation": 270, "texture": "#0"},
				"west": {"uv": [0, 7, 5, 8], "rotation": 180, "texture": "#0"},
				"up": {"uv": [0, 7, 5, 8], "rotation": 270, "texture": "#0"},
				"down": {"uv": [0, 7, 5, 8], "rotation": 90, "texture": "#0"}
			}
		},
		{
			"from": [-0.5, -11.5, 2.5],
			"to": [3.5, -6.5, 3.5],
			"rotation": {"angle": -22.5, "axis": "x", "origin": [1.5, -6.5, 3]},
			"faces": {
				"north": {"uv": [0, 7, 5, 8], "rotation": 90, "texture": "#0"},
				"east": {"uv": [0, 7, 5, 8], "rotation": 180, "texture": "#0"},
				"south": {"uv": [0, 0, 4, 4], "rotation": 270, "texture": "#0"},
				"west": {"uv": [0, 7, 5, 8], "texture": "#0"},
				"up": {"uv": [0, 7, 5, 8], "rotation": 90, "texture": "#0"},
				"down": {"uv": [0, 7, 5, 8], "rotation": 270, "texture": "#0"}
			}
		}
	],
	"display": {
		"thirdperson_righthand": {
			"translation": [6, 17.25, 8]
		},
		"thirdperson_lefthand": {
			"translation": [-7, 18, 8]
		},
		"firstperson_righthand": {
			"translation": [7.25, 7, 0],
			"scale": [0.5, 0.5, 0.5]
		},
		"firstperson_lefthand": {
			"rotation": [-79, 0, 0],
			"translation": [-15.5, 4.5, -24.75]
		},
		"ground": {
			"translation": [0, 20, 0]
		},
		"gui": {
			"rotation": [0, 139, -52],
			"translation": [0.25, -2.25, 0.5],
			"scale": [0.5, 0.5, 0.5]
		},
		"fixed": {
			"rotation": [0, 0, -45],
			"translation": [2.5, -1.5, 2.25],
			"scale": [0.5, 0.5, 0.5]
		}
	}
}