{
	"credit": "Made with Blockbench",
	"textures": {
		"1": "da:t/rt",
		"particle": "da:t/rt"
	},
	"elements": [
		{
			"from": [-0.35, 4, 25.25],
			"to": [1.85, 9, 28.25],
			"rotation": {"angle": 0, "axis": "x", "origin": [0.75, 7.5, 26.5]},
			"faces": {
				"north": {"uv": [0, 0, 8, 15], "texture": "#1"},
				"east": {"uv": [0, 0, 8, 15], "texture": "#1"},
				"south": {"uv": [0, 0, 8, 15], "texture": "#1"},
				"west": {"uv": [0, 0, 8, 15], "texture": "#1"},
				"up": {"uv": [0, 0, 8, 15], "texture": "#1"},
				"down": {"uv": [0, 0, 8, 15], "texture": "#1"}
			}
		},
		{
			"from": [-0.25, 8, 24],
			"to": [1.75, 13, 27],
			"rotation": {"angle": -22.5, "axis": "x", "origin": [0.75, 11.5, 25.5]},
			"faces": {
				"north": {"uv": [8, 0, 0, 15], "texture": "#1"},
				"east": {"uv": [8, 0, 0, 15], "texture": "#1"},
				"south": {"uv": [8, 0, 0, 15], "texture": "#1"},
				"west": {"uv": [8, 0, 0, 15], "texture": "#1"},
				"up": {"uv": [8, 0, 0, 15], "texture": "#1"},
				"down": {"uv": [8, 0, 0, 15], "texture": "#1"}
			}
		},
		{
			"name": "trigger",
			"from": [0.5, 9, 23.5],
			"to": [1, 12, 24],
			"rotation": {"angle": 22.5, "axis": "x", "origin": [0.75, 10.5, 24.25]},
			"faces": {
				"north": {"uv": [15.75, 4, 16, 5.5], "texture": "#1"},
				"east": {"uv": [15.75, 4, 16, 5.5], "texture": "#1"},
				"south": {"uv": [15.75, 4, 16, 5.5], "texture": "#1"},
				"west": {"uv": [15.75, 4, 16, 5.5], "texture": "#1"},
				"up": {"uv": [15.75, 4, 16, 5.5], "texture": "#1"},
				"down": {"uv": [15.75, 4, 16, 5.5], "texture": "#1"}
			}
		},
		{
			"name": "aim",
			"from": [0.6, 14.5, -2],
			"to": [0.85, 15.5, -1],
			"rotation": {"angle": 0, "axis": "y", "origin": [0, 15, -2]},
			"faces": {
				"north": {"uv": [14, 7, 16, 9], "texture": "#1"},
				"east": {"uv": [14, 7, 16, 9], "texture": "#1"},
				"south": {"uv": [14, 7, 16, 9], "texture": "#1"},
				"west": {"uv": [14, 7, 16, 9], "texture": "#1"},
				"up": {"uv": [14, 7, 16, 9], "texture": "#1"},
				"down": {"uv": [14, 7, 16, 9], "texture": "#1"}
			}
		},
		{
			"name": "hammer",
			"from": [0.5, 12.25, 23.75],
			"to": [1, 12.75, 25.75],
			"rotation": {"angle": -45, "axis": "x", "origin": [0.75, 12.5, 24.25]},
			"faces": {
				"north": {"uv": [15.25, 7.5, 16, 8.5], "rotation": 180, "texture": "#1"},
				"east": {"uv": [15.25, 7.5, 16, 8.5], "rotation": 270, "texture": "#1"},
				"south": {"uv": [15.25, 7.5, 16, 8.5], "texture": "#1"},
				"west": {"uv": [15.25, 7.5, 16, 8.5], "rotation": 90, "texture": "#1"},
				"up": {"uv": [15.25, 7.5, 16, 8.5], "rotation": 180, "texture": "#1"},
				"down": {"uv": [15.25, 7.5, 16, 8.5], "texture": "#1"}
			}
		},
		{
			"name": "barrel",
			"from": [0, 13, -3],
			"to": [1.5, 14.5, 17],
			"rotation": {"angle": -45, "axis": "z", "origin": [0.75, 13.75, 7]},
			"faces": {
				"north": {"uv": [1, 15, 0, 16], "texture": "#1"},
				"east": {"uv": [16, 16, 8, 0], "texture": "#1"},
				"south": {"uv": [16, 16, 8, 0], "texture": "#1"},
				"west": {"uv": [16, 16, 8, 0], "texture": "#1"},
				"up": {"uv": [16, 16, 8, 0], "texture": "#1"},
				"down": {"uv": [16, 16, 8, 0], "texture": "#1"}
			}
		},
		{
			"name": "body",
			"from": [-0.5, 11.25, 17],
			"to": [2, 14.75, 24],
			"rotation": {"angle": 0, "axis": "y", "origin": [0, 12, 17]},
			"faces": {
				"north": {"uv": [8, 0, 16, 16], "texture": "#1"},
				"east": {"uv": [8, 0, 16, 16], "texture": "#1"},
				"south": {"uv": [8, 0, 16, 16], "texture": "#1"},
				"west": {"uv": [8, 0, 16, 16], "texture": "#1"},
				"up": {"uv": [8, 0, 16, 16], "texture": "#1"},
				"down": {"uv": [8, 0, 16, 16], "texture": "#1"}
			}
		},
		{
			"from": [-0.75, 11, 16.99],
			"to": [2.25, 14, 21.99],
			"rotation": {"angle": -22.5, "axis": "z", "origin": [0.75, 12.5, 19.49]},
			"faces": {
				"north": {"uv": [8, 0, 16, 3], "rotation": 90, "texture": "#1"},
				"east": {"uv": [8, 0, 16, 3], "rotation": 270, "texture": "#1"},
				"south": {"uv": [8, 0, 16, 3], "rotation": 270, "texture": "#1"},
				"west": {"uv": [8, 0, 16, 3], "rotation": 270, "texture": "#1"},
				"up": {"uv": [8, 0, 16, 3], "rotation": 270, "texture": "#1"},
				"down": {"uv": [8, 0, 16, 3], "rotation": 270, "texture": "#1"}
			}
		},
		{
			"from": [0.5, 12.25, 8],
			"to": [1, 12.75, 17],
			"rotation": {"angle": 0, "axis": "y", "origin": [0, 12, 8]},
			"faces": {
				"north": {"uv": [15, 4, 16, 6.25], "texture": "#1"},
				"east": {"uv": [15, 4, 16, 6.25], "texture": "#1"},
				"south": {"uv": [15, 4, 16, 6.25], "texture": "#1"},
				"west": {"uv": [15, 4, 16, 6.25], "texture": "#1"},
				"up": {"uv": [15, 4, 16, 6.25], "texture": "#1"},
				"down": {"uv": [15, 4, 16, 6.25], "texture": "#1"}
			}
		}
	],
	"display": {
		"thirdperson_righthand": {
			"translation": [3, -1.5, -7.75],
			"scale": [0.5, 0.5, 0.5]
		},
		"thirdperson_lefthand": {
			"translation": [-4, -1.5, -7.5],
			"scale": [0.5, 0.5, 0.5]
		},
		"firstperson_righthand": {
			"rotation": [66, -6, 0],
			"translation": [3.25, 9.75, -2.75],
			"scale": [0.5, 0.5, 0.5]
		},
		"firstperson_lefthand": {
			"rotation": [0, -10, 0],
			"translation": [-4.55, 2.75, -3.75],
			"scale": [0.5, 0.5, 0.5]
		},
		"ground": {
			"translation": [9.25, 3, -9.25]
		},
		"gui": {
			"rotation": [96.34, -57.51, 89.65],
			"translation": [3.75, -0.5, 0],
			"scale": [0.5, 0.5, 0.5]
		},
		"fixed": {
			"rotation": [90, 136, -97],
			"translation": [-0.75, -3.5, -3.75],
			"scale": [0.5, 0.5, 0.5]
		}
	},
	"groups": [
		{
			"name": "wood",
			"origin": [8, 8, 8],
			"color": 0,
			"children": [0, 1]
		},
		{
			"name": "goods",
			"origin": [8, 8, 8],
			"color": 0,
			"children": [
				2,
				3,
				4,
				5,
				6,
				{
					"name": "cylinder",
					"origin": [8, 8, 8],
					"color": 0,
					"children": [7, 8]
				}
			]
		}
	]
}