{
	"credit": "Made with Blockbench",
	"texture_size": [32, 32],
	"textures": {
		"0": "da:t/ra",
		"particle": "da:t/ra"
	},
	"elements": [
		{
			"from": [0, 3, 0],
			"to": [5, 13, 5],
			"faces": {
				"north": {"uv": [5, 0, 10, 12.5], "texture": "#0"},
				"east": {"uv": [9, 0, 14, 12.5], "texture": "#0"},
				"south": {"uv": [5, 3, 10, 15.5], "texture": "#0"},
				"west": {"uv": [2, 0, 7, 12.5], "texture": "#0"},
				"up": {"uv": [5, 0, 10, 12.5], "texture": "#0"},
				"down": {"uv": [5, 0, 10, 12.5], "texture": "#0"}
			}
		},
		{
			"from": [-0.5, -3, -0.5],
			"to": [5.5, 2, 5.5],
			"faces": {
				"north": {"uv": [6, 9, 12, 14], "texture": "#0"},
				"east": {"uv": [0, 5, 6, 10], "texture": "#0"},
				"south": {"uv": [5, 0, 11, 5], "texture": "#0"},
				"west": {"uv": [0, 0, 6, 5], "texture": "#0"},
				"up": {"uv": [0, 0, 6, 5], "texture": "#0"},
				"down": {"uv": [0, 0, 6, 5], "texture": "#0"}
			}
		},
		{
			"from": [-0.5, -4, 0.5],
			"to": [4.5, -3, 5.5],
			"faces": {
				"north": {"uv": [0, 0, 6, 0.5], "texture": "#0"},
				"east": {"uv": [0, 0, 6, 0.5], "texture": "#0"},
				"south": {"uv": [0, 0, 5, 0.5], "texture": "#0"},
				"west": {"uv": [0, 0, 6, 0.5], "texture": "#0"},
				"up": {"uv": [0, 0, 6, 0.5], "texture": "#0"},
				"down": {"uv": [0, 0, 6, 0.5], "texture": "#0"}
			}
		},
		{
			"from": [-0.5, -4, -0.5],
			"to": [5.5, -3, 0.5],
			"faces": {
				"north": {"uv": [0, 0, 3, 0.5], "texture": "#0"},
				"east": {"uv": [0, 0, 3, 0.5], "texture": "#0"},
				"south": {"uv": [0, 0, 3, 0.5], "texture": "#0"},
				"west": {"uv": [0, 0, 3, 0.5], "texture": "#0"},
				"up": {"uv": [0, 0, 3, 0.5], "texture": "#0"},
				"down": {"uv": [0, 0, 3, 0.5], "texture": "#0"}
			}
		},
		{
			"from": [4.5, 2, 0],
			"to": [5.5, 3.5, 5],
			"rotation": {"angle": 22.5, "axis": "z", "origin": [5.5, 2, 2.5]},
			"faces": {
				"north": {"uv": [0, 0, 5, 1.75], "texture": "#0"},
				"east": {"uv": [0, 0, 5, 1.75], "texture": "#0"},
				"south": {"uv": [0, 0, 5, 1.75], "texture": "#0"},
				"west": {"uv": [0, 0, 5, 1.75], "texture": "#0"},
				"up": {"uv": [0, 0, 5, 1.75], "texture": "#0"},
				"down": {"uv": [0, 0, 5, 1.75], "texture": "#0"}
			}
		},
		{
			"from": [-0.5, 2, 0],
			"to": [0.5, 3.5, 5],
			"rotation": {"angle": -22.5, "axis": "z", "origin": [-0.5, 2, 2.5]},
			"faces": {
				"north": {"uv": [0, 0, 5, 1.75], "texture": "#0"},
				"east": {"uv": [0, 0, 5, 1.75], "texture": "#0"},
				"south": {"uv": [0, 0, 5, 1.75], "texture": "#0"},
				"west": {"uv": [0, 0, 5, 1.75], "texture": "#0"},
				"up": {"uv": [0, 0, 5, 1.75], "texture": "#0"},
				"down": {"uv": [0, 0, 5, 1.75], "texture": "#0"}
			}
		},
		{
			"from": [0, 2, -0.5],
			"to": [5, 3.5, 0.5],
			"rotation": {"angle": 22.5, "axis": "x", "origin": [2.5, 2, -0.5]},
			"faces": {
				"north": {"uv": [0, 0, 5, 1.75], "texture": "#0"},
				"east": {"uv": [0, 0, 5, 1.75], "texture": "#0"},
				"south": {"uv": [0, 0, 5, 1.75], "texture": "#0"},
				"west": {"uv": [0, 0, 5, 1.75], "texture": "#0"},
				"up": {"uv": [0, 0, 5, 1.75], "texture": "#0"},
				"down": {"uv": [0, 0, 5, 1.75], "texture": "#0"}
			}
		},
		{
			"from": [0, 2, 4.5],
			"to": [5, 3.5, 5.5],
			"rotation": {"angle": -22.5, "axis": "x", "origin": [2.5, 2, 5.5]},
			"faces": {
				"north": {"uv": [0, 0, 5, 1.75], "texture": "#0"},
				"east": {"uv": [0, 0, 5, 1.75], "texture": "#0"},
				"south": {"uv": [0, 0, 5, 1.75], "texture": "#0"},
				"west": {"uv": [0, 0, 5, 1.75], "texture": "#0"},
				"up": {"uv": [0, 0, 5, 1.75], "texture": "#0"},
				"down": {"uv": [0, 0, 5, 1.75], "texture": "#0"}
			}
		},
		{
			"from": [-0.7, -5.5, 0],
			"to": [5.7, -2.5, 3],
			"rotation": {"angle": 45, "axis": "x", "origin": [2.5, -4, 1.5]},
			"faces": {
				"north": {"uv": [0, 0, 6.4, 3], "rotation": 180, "texture": "#0"},
				"east": {"uv": [0, 0, 3, 3], "rotation": 180, "texture": "#0"},
				"south": {"uv": [0, 0, 6.4, 3], "rotation": 180, "texture": "#0"},
				"west": {"uv": [0, 0, 3, 3], "rotation": 180, "texture": "#0"},
				"up": {"uv": [0, 0, 6.4, 3], "rotation": 180, "texture": "#0"},
				"down": {"uv": [0, 0, 6.4, 3], "rotation": 180, "texture": "#0"}
			}
		},
		{
			"from": [-0.6, -5, 2],
			"to": [3.5, -3, 5],
			"rotation": {"angle": -45, "axis": "x", "origin": [1, -4, 4]},
			"faces": {
				"north": {"uv": [0, 0, 4.1, 3], "texture": "#0"},
				"east": {"uv": [1, 0, 4, 2], "texture": "#0"},
				"south": {"uv": [0, 0, 4.1, 3], "texture": "#0"},
				"west": {"uv": [0, 0, 3, 2], "texture": "#0"},
				"up": {"uv": [0, 0, 4.1, 3], "texture": "#0"},
				"down": {"uv": [0, 0, 4.1, 3], "texture": "#0"}
			}
		},
		{
			"from": [2, 13, 2],
			"to": [3, 23, 3],
			"faces": {
				"north": {"uv": [13, 6, 14, 16], "texture": "#0"},
				"east": {"uv": [13, 6, 14, 16], "texture": "#0"},
				"south": {"uv": [13, 6, 14, 16], "texture": "#0"},
				"west": {"uv": [13, 6, 14, 16], "texture": "#0"},
				"up": {"uv": [13, 6, 14, 7], "texture": "#0"},
				"down": {"uv": [13, 6, 14, 16], "texture": "#0"}
			}
		},
		{
			"from": [1, 13, 2],
			"to": [2, 20, 3],
			"faces": {
				"north": {"uv": [15, 0, 16, 7], "texture": "#0"},
				"east": {"uv": [15, 0, 16, 7], "texture": "#0"},
				"south": {"uv": [15, 0, 16, 7], "texture": "#0"},
				"west": {"uv": [15, 0, 16, 7], "texture": "#0"},
				"up": {"uv": [15, 0, 16, 1], "texture": "#0"},
				"down": {"uv": [15, 0, 16, 7], "texture": "#0"}
			}
		},
		{
			"from": [1, 13, 1],
			"to": [2, 21, 2],
			"faces": {
				"north": {"uv": [0, 8, 1, 16], "texture": "#0"},
				"east": {"uv": [0, 8, 1, 16], "texture": "#0"},
				"south": {"uv": [0, 8, 1, 16], "texture": "#0"},
				"west": {"uv": [0, 8, 1, 16], "texture": "#0"},
				"up": {"uv": [0, 8, 1, 9], "texture": "#0"},
				"down": {"uv": [0, 8, 1, 16], "texture": "#0"}
			}
		},
		{
			"from": [2, 13, 1],
			"to": [3, 22, 2],
			"faces": {
				"north": {"uv": [0, 2, 1, 11], "texture": "#0"},
				"east": {"uv": [0, 2, 1, 11], "texture": "#0"},
				"south": {"uv": [0, 2, 1, 11], "texture": "#0"},
				"west": {"uv": [0, 2, 1, 11], "texture": "#0"},
				"up": {"uv": [0, 2, 1, 3], "texture": "#0"},
				"down": {"uv": [0, 2, 1, 11], "texture": "#0"}
			}
		},
		{
			"from": [3, 13, 1],
			"to": [4, 21, 2],
			"faces": {
				"north": {"uv": [4, 0, 5, 8], "texture": "#0"},
				"east": {"uv": [4, 0, 5, 8], "texture": "#0"},
				"south": {"uv": [4, 0, 5, 8], "texture": "#0"},
				"west": {"uv": [4, 0, 5, 8], "texture": "#0"},
				"up": {"uv": [4, 0, 5, 1], "texture": "#0"},
				"down": {"uv": [4, 0, 5, 8], "texture": "#0"}
			}
		},
		{
			"from": [3, 13, 2],
			"to": [4, 20, 3],
			"faces": {
				"north": {"uv": [4, 5, 5, 12], "texture": "#0"},
				"east": {"uv": [4, 5, 5, 12], "texture": "#0"},
				"south": {"uv": [4, 5, 5, 12], "texture": "#0"},
				"west": {"uv": [4, 5, 5, 12], "texture": "#0"},
				"up": {"uv": [4, 5, 5, 6], "texture": "#0"},
				"down": {"uv": [4, 5, 5, 12], "texture": "#0"}
			}
		},
		{
			"from": [2, 13, 3],
			"to": [3, 21, 4],
			"faces": {
				"north": {"uv": [11, 0, 12, 8], "texture": "#0"},
				"east": {"uv": [11, 0, 12, 8], "texture": "#0"},
				"south": {"uv": [11, 0, 12, 8], "texture": "#0"},
				"west": {"uv": [11, 0, 12, 8], "texture": "#0"},
				"up": {"uv": [11, 0, 12, 1], "texture": "#0"},
				"down": {"uv": [11, 0, 12, 8], "texture": "#0"}
			}
		},
		{
			"from": [3, 13, 3],
			"to": [4, 19, 4],
			"faces": {
				"north": {"uv": [13, 8, 14, 14], "texture": "#0"},
				"east": {"uv": [13, 8, 14, 14], "texture": "#0"},
				"south": {"uv": [13, 8, 14, 14], "texture": "#0"},
				"west": {"uv": [13, 8, 14, 14], "texture": "#0"},
				"up": {"uv": [13, 8, 14, 9], "texture": "#0"},
				"down": {"uv": [13, 8, 14, 14], "texture": "#0"}
			}
		},
		{
			"from": [1, 13, 3],
			"to": [2, 18, 4],
			"faces": {
				"north": {"uv": [2, 0, 3, 5], "texture": "#0"},
				"east": {"uv": [2, 0, 3, 5], "texture": "#0"},
				"south": {"uv": [2, 0, 3, 5], "texture": "#0"},
				"west": {"uv": [2, 0, 3, 5], "texture": "#0"},
				"up": {"uv": [2, 0, 3, 1], "texture": "#0"},
				"down": {"uv": [2, 0, 3, 5], "texture": "#0"}
			}
		},
		{
			"from": [0, 13, 3],
			"to": [1, 16, 4],
			"faces": {
				"north": {"uv": [7, 8, 8, 11], "texture": "#0"},
				"east": {"uv": [7, 8, 8, 11], "texture": "#0"},
				"south": {"uv": [7, 8, 8, 11], "texture": "#0"},
				"west": {"uv": [7, 8, 8, 11], "texture": "#0"},
				"up": {"uv": [7, 8, 8, 9], "texture": "#0"},
				"down": {"uv": [7, 8, 8, 11], "texture": "#0"}
			}
		},
		{
			"from": [0, 13, 2],
			"to": [1, 19, 3],
			"faces": {
				"north": {"uv": [10, 4, 11, 10], "texture": "#0"},
				"east": {"uv": [10, 4, 11, 10], "texture": "#0"},
				"south": {"uv": [10, 4, 11, 10], "texture": "#0"},
				"west": {"uv": [10, 4, 11, 10], "texture": "#0"},
				"up": {"uv": [10, 4, 11, 5], "texture": "#0"},
				"down": {"uv": [10, 4, 11, 10], "texture": "#0"}
			}
		},
		{
			"from": [0, 13, 1],
			"to": [1, 18, 2],
			"faces": {
				"north": {"uv": [11, 5, 12, 10], "texture": "#0"},
				"east": {"uv": [11, 5, 12, 10], "texture": "#0"},
				"south": {"uv": [11, 5, 12, 10], "texture": "#0"},
				"west": {"uv": [11, 5, 12, 10], "texture": "#0"},
				"up": {"uv": [11, 5, 12, 6], "texture": "#0"},
				"down": {"uv": [11, 5, 12, 10], "texture": "#0"}
			}
		},
		{
			"from": [0, 13, 0],
			"to": [1, 17, 1],
			"faces": {
				"north": {"uv": [8, 8, 9, 12], "texture": "#0"},
				"east": {"uv": [8, 8, 9, 12], "texture": "#0"},
				"south": {"uv": [8, 8, 9, 12], "texture": "#0"},
				"west": {"uv": [8, 8, 9, 12], "texture": "#0"},
				"up": {"uv": [8, 8, 9, 9], "texture": "#0"},
				"down": {"uv": [8, 8, 9, 12], "texture": "#0"}
			}
		},
		{
			"from": [1, 13, 0],
			"to": [2, 19, 1],
			"faces": {
				"north": {"uv": [0, 10, 1, 16], "texture": "#0"},
				"east": {"uv": [0, 10, 1, 16], "texture": "#0"},
				"south": {"uv": [0, 10, 1, 16], "texture": "#0"},
				"west": {"uv": [0, 10, 1, 16], "texture": "#0"},
				"up": {"uv": [0, 10, 1, 11], "texture": "#0"},
				"down": {"uv": [0, 10, 1, 16], "texture": "#0"}
			}
		},
		{
			"from": [2, 13, 0],
			"to": [3, 20, 1],
			"faces": {
				"north": {"uv": [2, 3, 3, 10], "texture": "#0"},
				"east": {"uv": [2, 3, 3, 10], "texture": "#0"},
				"south": {"uv": [2, 3, 3, 10], "texture": "#0"},
				"west": {"uv": [2, 3, 3, 10], "texture": "#0"},
				"up": {"uv": [2, 3, 3, 4], "texture": "#0"},
				"down": {"uv": [2, 3, 3, 10], "texture": "#0"}
			}
		},
		{
			"from": [3, 13, 0],
			"to": [4, 18, 1],
			"faces": {
				"north": {"uv": [0, 4, 1, 9], "texture": "#0"},
				"east": {"uv": [0, 4, 1, 9], "texture": "#0"},
				"south": {"uv": [0, 4, 1, 9], "texture": "#0"},
				"west": {"uv": [0, 4, 1, 9], "texture": "#0"},
				"up": {"uv": [0, 4, 1, 5], "texture": "#0"},
				"down": {"uv": [0, 4, 1, 9], "texture": "#0"}
			}
		},
		{
			"from": [4, 13, 0],
			"to": [5, 16, 1],
			"faces": {
				"north": {"uv": [0, 4, 1, 7], "texture": "#0"},
				"east": {"uv": [0, 4, 1, 7], "texture": "#0"},
				"south": {"uv": [0, 4, 1, 7], "texture": "#0"},
				"west": {"uv": [0, 4, 1, 7], "texture": "#0"},
				"up": {"uv": [0, 4, 1, 5], "texture": "#0"},
				"down": {"uv": [0, 4, 1, 7], "texture": "#0"}
			}
		},
		{
			"from": [4, 13, 1],
			"to": [5, 19, 2],
			"faces": {
				"north": {"uv": [15, 0, 16, 6], "texture": "#0"},
				"east": {"uv": [15, 0, 16, 6], "texture": "#0"},
				"south": {"uv": [15, 0, 16, 6], "texture": "#0"},
				"west": {"uv": [15, 0, 16, 6], "texture": "#0"},
				"up": {"uv": [15, 0, 16, 1], "texture": "#0"},
				"down": {"uv": [15, 0, 16, 6], "texture": "#0"}
			}
		},
		{
			"from": [4, 13, 2],
			"to": [5, 18, 3],
			"faces": {
				"north": {"uv": [0, 4, 1, 9], "texture": "#0"},
				"east": {"uv": [0, 4, 1, 9], "texture": "#0"},
				"south": {"uv": [0, 4, 1, 9], "texture": "#0"},
				"west": {"uv": [0, 4, 1, 9], "texture": "#0"},
				"up": {"uv": [0, 4, 1, 5], "texture": "#0"},
				"down": {"uv": [0, 4, 1, 9], "texture": "#0"}
			}
		},
		{
			"from": [4, 13, 3],
			"to": [5, 16, 4],
			"faces": {
				"north": {"uv": [4, 2, 5, 5], "texture": "#0"},
				"east": {"uv": [4, 2, 5, 5], "texture": "#0"},
				"south": {"uv": [4, 2, 5, 5], "texture": "#0"},
				"west": {"uv": [4, 2, 5, 5], "texture": "#0"},
				"up": {"uv": [4, 2, 5, 3], "texture": "#0"},
				"down": {"uv": [4, 2, 5, 5], "texture": "#0"}
			}
		},
		{
			"from": [4, 13, 4],
			"to": [5, 15, 5],
			"faces": {
				"north": {"uv": [8, 1, 9, 3], "texture": "#0"},
				"east": {"uv": [8, 1, 9, 3], "texture": "#0"},
				"south": {"uv": [8, 1, 9, 3], "texture": "#0"},
				"west": {"uv": [8, 1, 9, 3], "texture": "#0"},
				"up": {"uv": [8, 1, 9, 2], "texture": "#0"},
				"down": {"uv": [8, 1, 9, 3], "texture": "#0"}
			}
		},
		{
			"from": [3, 13, 4],
			"to": [4, 18, 5],
			"faces": {
				"north": {"uv": [0, 0, 1, 5], "texture": "#0"},
				"east": {"uv": [0, 0, 1, 5], "texture": "#0"},
				"south": {"uv": [0, 0, 1, 5], "texture": "#0"},
				"west": {"uv": [0, 0, 1, 5], "texture": "#0"},
				"up": {"uv": [0, 0, 1, 1], "texture": "#0"},
				"down": {"uv": [0, 0, 1, 5], "texture": "#0"}
			}
		},
		{
			"from": [2, 13, 4],
			"to": [3, 19, 5],
			"faces": {
				"north": {"uv": [4, 5, 5, 11], "texture": "#0"},
				"east": {"uv": [4, 5, 5, 11], "texture": "#0"},
				"south": {"uv": [4, 5, 5, 11], "texture": "#0"},
				"west": {"uv": [4, 5, 5, 11], "texture": "#0"},
				"up": {"uv": [4, 5, 5, 6], "texture": "#0"},
				"down": {"uv": [4, 5, 5, 11], "texture": "#0"}
			}
		},
		{
			"from": [1, 13, 4],
			"to": [2, 17, 5],
			"faces": {
				"north": {"uv": [9, 5, 10, 9], "texture": "#0"},
				"east": {"uv": [9, 5, 10, 9], "texture": "#0"},
				"south": {"uv": [9, 5, 10, 9], "texture": "#0"},
				"west": {"uv": [9, 5, 10, 9], "texture": "#0"},
				"up": {"uv": [9, 5, 10, 6], "texture": "#0"},
				"down": {"uv": [9, 5, 10, 9], "texture": "#0"}
			}
		},
		{
			"from": [0, 13, 4],
			"to": [1, 15, 5],
			"faces": {
				"north": {"uv": [7, 7, 8, 9], "texture": "#0"},
				"east": {"uv": [7, 7, 8, 9], "texture": "#0"},
				"south": {"uv": [7, 7, 8, 9], "texture": "#0"},
				"west": {"uv": [7, 7, 8, 9], "texture": "#0"},
				"up": {"uv": [7, 7, 8, 8], "texture": "#0"},
				"down": {"uv": [7, 7, 8, 9], "texture": "#0"}
			}
		},
		{
			"from": [0, -3.75, -1.1],
			"to": [1.25, -2.5, 0.9],
			"faces": {
				"north": {"uv": [0, 0, 0.625, 0.625], "texture": "#0"},
				"east": {"uv": [0, 0, 0.625, 0.625], "texture": "#0"},
				"south": {"uv": [0, 0, 0.625, 0.625], "texture": "#0"},
				"west": {"uv": [0, 0, 0.625, 0.625], "texture": "#0"},
				"up": {"uv": [0, 0, 0.625, 0.625], "texture": "#0"},
				"down": {"uv": [0, 0, 0.625, 0.625], "texture": "#0"}
			}
		},
		{
			"from": [2, -3.75, -1.25],
			"to": [3.25, -2.5, 0.75],
			"faces": {
				"north": {"uv": [0, 0, 0.625, 0.625], "texture": "#0"},
				"east": {"uv": [0, 0, 0.625, 0.625], "texture": "#0"},
				"south": {"uv": [0, 0, 0.625, 0.625], "texture": "#0"},
				"west": {"uv": [0, 0, 0.625, 0.625], "texture": "#0"},
				"up": {"uv": [0, 0, 0.625, 0.625], "texture": "#0"},
				"down": {"uv": [0, 0, 0.625, 0.625], "texture": "#0"}
			}
		},
		{
			"from": [4, -3.75, -1],
			"to": [5.25, -2.5, 1],
			"faces": {
				"north": {"uv": [0, 0, 0.625, 0.625], "texture": "#0"},
				"east": {"uv": [0, 0, 0.625, 0.625], "texture": "#0"},
				"south": {"uv": [0, 0, 0.625, 0.625], "texture": "#0"},
				"west": {"uv": [0, 0, 0.625, 0.625], "texture": "#0"},
				"up": {"uv": [0, 0, 0.625, 0.625], "texture": "#0"},
				"down": {"uv": [0, 0, 0.625, 0.625], "texture": "#0"}
			}
		}
	],
	"display": {
		"thirdperson_righthand": {
			"rotation": [92, -89.08, 1.74],
			"translation": [-5.25, -7.5, 5.75]
		},
		"thirdperson_lefthand": {
			"rotation": [-11.36, -89.18, -101.85],
			"translation": [-5.75, 3.5, 5.5]
		},
		"firstperson_righthand": {
			"rotation": [173.37, -29.81, -3.38],
			"translation": [6.25, -5.5, -10.25]
		},
		"firstperson_lefthand": {
			"rotation": [171.61, -26.85, -3.84],
			"translation": [-1, -5.75, -6]
		},
		"ground": {
			"translation": [4.75, 10.5, 6.25]
		},
		"gui": {
			"rotation": [0, 0, 135],
			"translation": [-3, 2.5, 0],
			"scale": [0.65, 0.65, 0.65]
		},
		"head": {
			"rotation": [40.75, 0, 0],
			"translation": [16.25, 14, 31.75],
			"scale": [3, 3, 3]
		},
		"fixed": {
			"rotation": [0, 0, -45],
			"translation": [3.25, -2.5, 4.25],
			"scale": [0.75, 0.75, 0.75]
		}
	},
	"groups": [
		0,
		1,
		2,
		3,
		4,
		5,
		6,
		7,
		8,
		9,
		{
			"name": "group",
			"origin": [0, 0, 0],
			"color": 0,
			"nbt": "{}",
			"armAnimationEnabled": false,
			"children": [10, 11, 12, 13, 14, 15, 16, 17, 18, 19, 20, 21, 22, 23, 24, 25, 26, 27, 28, 29, 30, 31, 32, 33, 34]
		},
		35,
		36,
		37
	]
}