{
	"credit": "Made with Blockbench",
	"textures": {
		"0": "da:t/t",
		"particle": "da:t/t"
	},
	"elements": [
		{
			"from": [7, 2, 0],
			"to": [10, 22, 16],
			"rotation": {"angle": 45, "axis": "z", "origin": [14.5, 10, 0.5]},
			"faces": {
				"north": {"uv": [7, 8, 10, 15], "texture": "#0"},
				"east": {"uv": [5, 8, 12, 15], "texture": "#0"},
				"south": {"uv": [5, 8, 8, 15], "texture": "#0"},
				"west": {"uv": [5, 8, 12, 15], "texture": "#0"},
				"up": {"uv": [5, 8, 12, 15], "texture": "#0"},
				"down": {"uv": [5, 8, 8, 15], "texture": "#0"}
			}
		},
		{
			"from": [6.28249, -2.51041, 0],
			"to": [7.28249, 5.48959, 16],
			"rotation": {"angle": -45, "axis": "z", "origin": [7.78249, 3.98959, 8]},
			"faces": {
				"north": {"uv": [5, 8, 6, 16], "texture": "#0"},
				"east": {"uv": [5, 8, 12, 15], "texture": "#0"},
				"south": {"uv": [5, 8, 6, 16], "texture": "#0"},
				"west": {"uv": [5, 8, 12, 15], "texture": "#0"},
				"up": {"uv": [5, 8, 12, 15], "texture": "#0"},
				"down": {"uv": [5, 8, 12, 15], "texture": "#0"}
			}
		},
		{
			"from": [7.28249, -1.51041, 0],
			"to": [8.28249, 5.48959, 16],
			"rotation": {"angle": -45, "axis": "z", "origin": [7.78249, 3.98959, 8]},
			"faces": {
				"north": {"uv": [5, 8, 6, 15], "texture": "#0"},
				"east": {"uv": [5, 8, 6, 15], "texture": "#0"},
				"south": {"uv": [6, 8, 7, 15], "texture": "#0"},
				"west": {"uv": [5, 8, 6, 15], "texture": "#0"},
				"up": {"uv": [5, 8, 6, 15], "texture": "#0"},
				"down": {"uv": [5, 8, 6, 15], "texture": "#0"}
			}
		},
		{
			"from": [8.28249, -0.51041, 0],
			"to": [9.28249, 5.48959, 16],
			"rotation": {"angle": -45, "axis": "z", "origin": [7.78249, 3.98959, 8]},
			"faces": {
				"north": {"uv": [7, 9, 8, 15], "texture": "#0"},
				"east": {"uv": [5, 9, 6, 15], "texture": "#0"},
				"south": {"uv": [6, 9, 7, 15], "texture": "#0"},
				"west": {"uv": [5, 9, 6, 15], "texture": "#0"},
				"up": {"uv": [5, 9, 6, 15], "texture": "#0"},
				"down": {"uv": [5, 9, 6, 15], "texture": "#0"}
			}
		},
		{
			"from": [9.28249, 0.48959, 0],
			"to": [10.28249, 5.48959, 16],
			"rotation": {"angle": -45, "axis": "z", "origin": [7.78249, 3.98959, 8]},
			"faces": {
				"north": {"uv": [5, 9, 6, 14], "texture": "#0"},
				"east": {"uv": [5, 9, 6, 14], "texture": "#0"},
				"south": {"uv": [5, 9, 6, 14], "texture": "#0"},
				"west": {"uv": [5, 9, 6, 14], "texture": "#0"},
				"up": {"uv": [5, 9, 6, 14], "texture": "#0"},
				"down": {"uv": [5, 9, 6, 14], "texture": "#0"}
			}
		},
		{
			"from": [11.28249, 2.48959, 0],
			"to": [12.28249, 5.48959, 16],
			"rotation": {"angle": -45, "axis": "z", "origin": [7.78249, 3.98959, 8]},
			"faces": {
				"north": {"uv": [7, 8, 8, 11], "texture": "#0"},
				"east": {"uv": [7, 8, 8, 11], "texture": "#0"},
				"south": {"uv": [7, 8, 8, 11], "texture": "#0"},
				"west": {"uv": [7, 8, 8, 11], "texture": "#0"},
				"up": {"uv": [7, 8, 8, 11], "texture": "#0"},
				"down": {"uv": [7, 8, 8, 11], "texture": "#0"}
			}
		},
		{
			"from": [10.28249, 1.48959, 0],
			"to": [11.28249, 5.48959, 16],
			"rotation": {"angle": -45, "axis": "z", "origin": [7.78249, 3.98959, 8]},
			"faces": {
				"north": {"uv": [7, 9, 8, 13], "texture": "#0"},
				"east": {"uv": [7, 9, 8, 13], "texture": "#0"},
				"south": {"uv": [7, 9, 8, 13], "texture": "#0"},
				"west": {"uv": [7, 9, 8, 13], "texture": "#0"},
				"up": {"uv": [7, 9, 8, 13], "texture": "#0"},
				"down": {"uv": [7, 9, 8, 13], "texture": "#0"}
			}
		},
		{
			"from": [12.28249, 3.48959, 0],
			"to": [13.28249, 5.48959, 16],
			"rotation": {"angle": -45, "axis": "z", "origin": [7.78249, 3.98959, 8]},
			"faces": {
				"north": {"uv": [6, 9, 7, 11], "texture": "#0"},
				"east": {"uv": [6, 9, 7, 11], "texture": "#0"},
				"south": {"uv": [6, 9, 7, 11], "texture": "#0"},
				"west": {"uv": [6, 9, 7, 11], "texture": "#0"},
				"up": {"uv": [6, 9, 7, 11], "texture": "#0"},
				"down": {"uv": [6, 9, 7, 11], "texture": "#0"}
			}
		},
		{
			"from": [13.28249, 4.48959, 0],
			"to": [14.28249, 5.48959, 16],
			"rotation": {"angle": -45, "axis": "z", "origin": [7.78249, 3.98959, 8]},
			"faces": {
				"north": {"uv": [5, 8, 6, 9], "texture": "#0"},
				"east": {"uv": [5, 8, 6, 9], "texture": "#0"},
				"south": {"uv": [5, 8, 6, 9], "texture": "#0"},
				"west": {"uv": [5, 8, 6, 9], "texture": "#0"},
				"up": {"uv": [5, 8, 6, 9], "texture": "#0"},
				"down": {"uv": [5, 8, 6, 9], "texture": "#0"}
			}
		},
		{
			"from": [-5.39949, -0.57107, 0],
			"to": [14.60051, 0.42893, 16],
			"rotation": {"angle": 0, "axis": "z", "origin": [4.60051, 2.92893, 8]},
			"faces": {
				"north": {"uv": [5, 8, 12, 15], "rotation": 270, "texture": "#0"},
				"east": {"uv": [5, 8, 12, 15], "rotation": 270, "texture": "#0"},
				"south": {"uv": [5, 8, 12, 15], "rotation": 270, "texture": "#0"},
				"west": {"uv": [5, 8, 12, 15], "rotation": 270, "texture": "#0"},
				"up": {"uv": [5, 8, 12, 15], "rotation": 270, "texture": "#0"},
				"down": {"uv": [5, 8, 12, 15], "rotation": 270, "texture": "#0"}
			}
		},
		{
			"from": [-7, 12, 0],
			"to": [3, 15, 16],
			"rotation": {"angle": 22.5, "axis": "z", "origin": [0.5, 13.5, 8]},
			"faces": {
				"north": {"uv": [5, 8, 12, 15], "texture": "#0"},
				"east": {"uv": [5, 8, 12, 15], "texture": "#0"},
				"south": {"uv": [5, 8, 12, 15], "texture": "#0"},
				"west": {"uv": [5, 8, 12, 15], "texture": "#0"},
				"up": {"uv": [5, 8, 12, 15], "texture": "#0"},
				"down": {"uv": [5, 8, 12, 15], "texture": "#0"}
			}
		}
	],
	"display": {
		"thirdperson_righthand": {
			"rotation": [-27, -90, -93],
			"translation": [-6, -7.5, -2.75]
		},
		"head": {
			"rotation": [0, -90, 0],
			"translation": [0, -36.75, 0]
		}
	},
	"groups": [
		{
			"name": "group",
			"origin": [0, 0, 0],
			"color": 0,
			"children": [0, 1, 2, 3, 4, 5, 6, 7, 8, 9, 10]
		},
		{
			"name": "water_texture",
			"origin": [8, 8, 8],
			"color": 0,
			"children": []
		}
	]
}