{
	"credit": "Made with Blockbench",
	"textures": {
		"0": "da:t/st1",
		"particle": "da:t/st1"
	},
	"elements": [
		{
			"from": [0, 0, 0],
			"to": [1, 10, 1],
			"faces": {
				"north": {"uv": [13, 7, 16, 16], "texture": "#0"},
				"east": {"uv": [13, 7, 16, 16], "texture": "#0"},
				"south": {"uv": [13, 7, 16, 16], "texture": "#0"},
				"west": {"uv": [13, 7, 16, 16], "texture": "#0"},
				"up": {"uv": [13, 14, 14, 15], "texture": "#0"},
				"down": {"uv": [13, 14, 14, 15], "texture": "#0"}
			}
		},
		{
			"from": [-1, 10, -1],
			"to": [2, 11, 2],
			"rotation": {"angle": 0, "axis": "x", "origin": [0.5, 0.5, 4.5]},
			"faces": {
				"north": {"uv": [13, 8, 16, 9], "texture": "#0"},
				"east": {"uv": [13, 8, 16, 9], "texture": "#0"},
				"south": {"uv": [13, 8, 16, 9], "texture": "#0"},
				"west": {"uv": [13, 8, 16, 9], "texture": "#0"},
				"up": {"uv": [13, 7, 16, 10], "texture": "#0"},
				"down": {"uv": [13, 9, 16, 12], "texture": "#0"}
			}
		},
		{
			"from": [-0.5, 12, -0.5],
			"to": [1.5, 15, 1.5],
			"faces": {
				"north": {"uv": [13, 0, 16, 4], "texture": "#0"},
				"east": {"uv": [13, 0, 16, 4], "texture": "#0"},
				"south": {"uv": [13, 0, 16, 4], "texture": "#0"},
				"west": {"uv": [13, 0, 16, 4], "texture": "#0"},
				"up": {"uv": [13, 4, 16, 7], "texture": "#0"},
				"down": {"uv": [13, 0, 16, 4], "texture": "#0"}
			}
		},
		{
			"from": [-0.1, 8, 0.1],
			"to": [0.5, 13, 0.9],
			"rotation": {"angle": 22.5, "axis": "z", "origin": [0.5, 8.5, 0.5]},
			"faces": {
				"north": {"uv": [11, 0, 13, 16], "texture": "#0"},
				"east": {"uv": [11, 0, 13, 16], "texture": "#0"},
				"south": {"uv": [11, 0, 13, 16], "texture": "#0"},
				"west": {"uv": [11, 0, 13, 16], "texture": "#0"},
				"up": {"uv": [11, 15, 12, 16], "texture": "#0"},
				"down": {"uv": [11, 15, 12, 16], "texture": "#0"}
			}
		},
		{
			"from": [0.5, 8, 0.1],
			"to": [1.1, 13, 0.9],
			"rotation": {"angle": -22.5, "axis": "z", "origin": [0.5, 8.5, 0.5]},
			"faces": {
				"north": {"uv": [11, 0, 13, 16], "texture": "#0"},
				"east": {"uv": [11, 0, 13, 16], "texture": "#0"},
				"south": {"uv": [11, 0, 13, 16], "texture": "#0"},
				"west": {"uv": [11, 0, 13, 16], "texture": "#0"},
				"up": {"uv": [11, 15, 12, 16], "texture": "#0"},
				"down": {"uv": [11, 15, 12, 16], "texture": "#0"}
			}
		},
		{
			"from": [0.1, 8, -0.1],
			"to": [0.9, 13, 0.5],
			"rotation": {"angle": -22.5, "axis": "x", "origin": [0.5, 8.5, 0.5]},
			"faces": {
				"north": {"uv": [11, 0, 13, 16], "texture": "#0"},
				"east": {"uv": [11, 0, 13, 16], "texture": "#0"},
				"south": {"uv": [11, 0, 13, 16], "texture": "#0"},
				"west": {"uv": [11, 0, 13, 16], "texture": "#0"},
				"up": {"uv": [11, 15, 12, 16], "texture": "#0"},
				"down": {"uv": [11, 15, 12, 16], "texture": "#0"}
			}
		},
		{
			"from": [0.1, 8, 0.5],
			"to": [0.9, 13, 1.1],
			"rotation": {"angle": 22.5, "axis": "x", "origin": [0.5, 8.5, 0.5]},
			"faces": {
				"north": {"uv": [11, 0, 13, 16], "texture": "#0"},
				"east": {"uv": [11, 0, 13, 16], "texture": "#0"},
				"south": {"uv": [11, 0, 13, 16], "texture": "#0"},
				"west": {"uv": [11, 0, 13, 16], "texture": "#0"},
				"up": {"uv": [11, 15, 12, 16], "texture": "#0"},
				"down": {"uv": [11, 15, 12, 16], "texture": "#0"}
			}
		}
	],
	"display": {
		"thirdperson_righthand": {
			"translation": [7, 3, 9]
		},
		"thirdperson_lefthand": {
			"translation": [-8.25, 2.75, 8.5]
		},
		"firstperson_righthand": {
			"rotation": [-21, 0, 0],
			"translation": [17, 1, 0]
		},
		"gui": {
			"translation": [8, 0, 0]
		},
		"fixed": {
			"translation": [7.5, 0, 7]
		}
	},
	"groups": [
		{
			"name": "group",
			"origin": [0, 0, 0],
			"color": 0,
			"children": [0, 1, 2, 3, 4, 5, 6]
		}
	]
}