{
	"credit": "Made with Blockbench",
	"texture_size": [32, 32],
	"textures": {
		"0": "da:t/wsz",
		"particle": "da:t/wsz"
	},
	"elements": [
		{
			"from": [-0.5, -16, -0.5],
			"to": [1.5, -14, 1.5],
			"rotation": {"angle": -45, "axis": "x", "origin": [0.5, -15, 0.5]},
			"faces": {
				"north": {"uv": [11, 2.5, 13.5, 5], "texture": "#0"},
				"east": {"uv": [11, 2.5, 13.5, 5], "texture": "#0"},
				"south": {"uv": [11, 2.5, 13.5, 5], "texture": "#0"},
				"west": {"uv": [11, 2.5, 13.5, 5], "texture": "#0"},
				"up": {"uv": [11, 2.5, 13.5, 5], "texture": "#0"},
				"down": {"uv": [11, 2.5, 13.5, 5], "texture": "#0"}
			}
		},
		{
			"from": [-0.1, 20, -3],
			"to": [1.1, 23, -2],
			"rotation": {"angle": 22.5, "axis": "x", "origin": [0.5, 20.5, -2.5]},
			"faces": {
				"north": {"uv": [13.5, 0, 16, 2.5], "texture": "#0"},
				"east": {"uv": [13.5, 0, 16, 2.5], "texture": "#0"},
				"south": {"uv": [13.5, 0, 16, 2.5], "texture": "#0"},
				"west": {"uv": [13.5, 0, 16, 2.5], "texture": "#0"},
				"up": {"uv": [13.5, 0, 16, 2.5], "texture": "#0"},
				"down": {"uv": [13.5, 0, 16, 2.5], "texture": "#0"}
			}
		},
		{
			"from": [-0.5, -16, -0.5],
			"to": [1.5, -14, 1.5],
			"rotation": {"angle": 45, "axis": "z", "origin": [0.5, -15, 0.5]},
			"faces": {
				"north": {"uv": [11, 2.5, 13.5, 5], "texture": "#0"},
				"east": {"uv": [11, 2.5, 13.5, 5], "texture": "#0"},
				"south": {"uv": [11, 2.5, 13.5, 5], "texture": "#0"},
				"west": {"uv": [11, 2.5, 13.5, 5], "texture": "#0"},
				"up": {"uv": [11, 2.5, 13.5, 5], "texture": "#0"},
				"down": {"uv": [11, 2.5, 13.5, 5], "texture": "#0"}
			}
		},
		{
			"from": [-0.5, -16, -0.5],
			"to": [1.5, -14, 1.5],
			"rotation": {"angle": 45, "axis": "y", "origin": [0.5, -15, 0.5]},
			"faces": {
				"north": {"uv": [11, 2.5, 13.5, 5], "texture": "#0"},
				"east": {"uv": [11, 2.5, 13.5, 5], "texture": "#0"},
				"south": {"uv": [11, 2.5, 13.5, 5], "texture": "#0"},
				"west": {"uv": [11, 2.5, 13.5, 5], "texture": "#0"},
				"up": {"uv": [11, 2.5, 13.5, 5], "texture": "#0"},
				"down": {"uv": [11, 2.5, 13.5, 5], "texture": "#0"}
			}
		},
		{
			"from": [-0.5, -16, -0.5],
			"to": [1.5, -14, 1.5],
			"faces": {
				"north": {"uv": [11, 2.5, 13.5, 5], "texture": "#0"},
				"east": {"uv": [11, 2.5, 13.5, 5], "texture": "#0"},
				"south": {"uv": [11, 2.5, 13.5, 5], "texture": "#0"},
				"west": {"uv": [11, 2.5, 13.5, 5], "texture": "#0"},
				"up": {"uv": [11, 2.5, 13.5, 5], "texture": "#0"},
				"down": {"uv": [11, 2.5, 13.5, 5], "texture": "#0"}
			}
		},
		{
			"from": [-0.5, 15, -0.25],
			"to": [0, 15.5, 1.25],
			"rotation": {"angle": -45, "axis": "x", "origin": [-0.25, 15.25, 0.5]},
			"faces": {
				"north": {"uv": [11, 9, 11.75, 9.75], "texture": "#0"},
				"east": {"uv": [11, 9, 11.75, 9.75], "texture": "#0"},
				"south": {"uv": [11, 9, 11.75, 9.75], "texture": "#0"},
				"west": {"uv": [11, 9, 11.75, 9.75], "texture": "#0"},
				"up": {"uv": [11, 9, 11.75, 9.75], "texture": "#0"},
				"down": {"uv": [11, 9, 11.75, 9.75], "texture": "#0"}
			}
		},
		{
			"from": [-0.5, 11, -0.25],
			"to": [0, 11.5, 1.25],
			"rotation": {"angle": -45, "axis": "x", "origin": [-0.25, 11.25, 0.5]},
			"faces": {
				"north": {"uv": [11.5, 9, 12.25, 9.75], "rotation": 90, "texture": "#0"},
				"east": {"uv": [11.5, 9, 12.25, 9.75], "rotation": 90, "texture": "#0"},
				"south": {"uv": [11.5, 9, 12.25, 9.75], "rotation": 90, "texture": "#0"},
				"west": {"uv": [11.5, 9, 12.25, 9.75], "rotation": 90, "texture": "#0"},
				"up": {"uv": [11.5, 9, 12.25, 9.75], "rotation": 90, "texture": "#0"},
				"down": {"uv": [11.5, 9, 12.25, 9.75], "rotation": 90, "texture": "#0"}
			}
		},
		{
			"from": [-0.5, 7, -0.25],
			"to": [0, 7.5, 1.25],
			"rotation": {"angle": -45, "axis": "x", "origin": [-0.25, 7.25, 0.5]},
			"faces": {
				"north": {"uv": [12.5, 14, 13.25, 14.75], "texture": "#0"},
				"east": {"uv": [12.5, 14, 13.25, 14.75], "texture": "#0"},
				"south": {"uv": [12.5, 14, 13.25, 14.75], "texture": "#0"},
				"west": {"uv": [12.5, 14, 13.25, 14.75], "texture": "#0"},
				"up": {"uv": [12.5, 14, 13.25, 14.75], "texture": "#0"},
				"down": {"uv": [12.5, 14, 13.25, 14.75], "texture": "#0"}
			}
		},
		{
			"from": [-0.5, 3, -0.25],
			"to": [0, 3.5, 1.25],
			"rotation": {"angle": -45, "axis": "x", "origin": [-0.25, 3.25, 0.5]},
			"faces": {
				"north": {"uv": [11, 13.5, 11.75, 12.25], "texture": "#0"},
				"east": {"uv": [11, 13.5, 11.75, 12.25], "texture": "#0"},
				"south": {"uv": [11, 13.5, 11.75, 12.25], "texture": "#0"},
				"west": {"uv": [11, 13.5, 11.75, 12.25], "texture": "#0"},
				"up": {"uv": [11, 13.5, 11.75, 12.25], "texture": "#0"},
				"down": {"uv": [11, 13.5, 11.75, 12.25], "texture": "#0"}
			}
		},
		{
			"from": [-0.5, -1, -0.25],
			"to": [0, -0.5, 1.25],
			"rotation": {"angle": -45, "axis": "x", "origin": [-0.25, -0.75, 0.5]},
			"faces": {
				"north": {"uv": [12, 9.5, 12.75, 10.75], "texture": "#0"},
				"east": {"uv": [12, 9.5, 12.75, 10.75], "texture": "#0"},
				"south": {"uv": [12, 9.5, 12.75, 10.75], "texture": "#0"},
				"west": {"uv": [12, 9.5, 12.75, 10.75], "texture": "#0"},
				"up": {"uv": [12, 9.5, 12.75, 10.75], "texture": "#0"},
				"down": {"uv": [12, 9.5, 12.75, 10.75], "texture": "#0"}
			}
		},
		{
			"from": [-0.5, -5, -0.25],
			"to": [0, -4.5, 1.25],
			"rotation": {"angle": -45, "axis": "x", "origin": [-0.25, -4.75, 0.5]},
			"faces": {
				"north": {"uv": [12, 14.5, 12.75, 15.25], "rotation": 270, "texture": "#0"},
				"east": {"uv": [12, 14.5, 12.75, 15.25], "rotation": 270, "texture": "#0"},
				"south": {"uv": [12, 14.5, 12.75, 15.25], "rotation": 270, "texture": "#0"},
				"west": {"uv": [12, 14.5, 12.75, 15.25], "rotation": 270, "texture": "#0"},
				"up": {"uv": [12, 14.5, 12.75, 15.25], "rotation": 270, "texture": "#0"},
				"down": {"uv": [12, 14.5, 12.75, 15.25], "rotation": 270, "texture": "#0"}
			}
		},
		{
			"from": [-0.5, -9, -0.25],
			"to": [0, -8.5, 1.25],
			"rotation": {"angle": -45, "axis": "x", "origin": [-0.25, -8.75, 0.5]},
			"faces": {
				"north": {"uv": [12, 8.5, 12.75, 9.25], "texture": "#0"},
				"east": {"uv": [12, 8.5, 12.75, 9.25], "texture": "#0"},
				"south": {"uv": [12, 8.5, 12.75, 9.25], "texture": "#0"},
				"west": {"uv": [12, 8.5, 12.75, 9.25], "texture": "#0"},
				"up": {"uv": [12, 8.5, 12.75, 9.25], "texture": "#0"},
				"down": {"uv": [12, 8.5, 12.75, 9.25], "texture": "#0"}
			}
		},
		{
			"from": [1, -11, -0.25],
			"to": [1.5, -10.5, 1.25],
			"rotation": {"angle": 45, "axis": "x", "origin": [1.5, -10.75, 0.5]},
			"faces": {
				"north": {"uv": [12.5, 8.5, 13.25, 9.25], "texture": "#0"},
				"east": {"uv": [12.5, 8.5, 13.25, 9.25], "texture": "#0"},
				"south": {"uv": [12.5, 8.5, 13.25, 9.25], "texture": "#0"},
				"west": {"uv": [12.5, 8.5, 13.25, 9.25], "texture": "#0"},
				"up": {"uv": [12.5, 8.5, 13.25, 9.25], "texture": "#0"},
				"down": {"uv": [12.5, 8.5, 13.25, 9.25], "texture": "#0"}
			}
		},
		{
			"from": [1, 13, -0.25],
			"to": [1.5, 13.5, 1.25],
			"rotation": {"angle": 45, "axis": "x", "origin": [1.25, 13.25, 0.5]},
			"faces": {
				"north": {"uv": [12.5, 9, 13.25, 9.75], "texture": "#0"},
				"east": {"uv": [12.5, 9, 13.25, 9.75], "texture": "#0"},
				"south": {"uv": [12.5, 9, 13.25, 9.75], "texture": "#0"},
				"west": {"uv": [12.5, 9, 13.25, 9.75], "texture": "#0"},
				"up": {"uv": [12.5, 9, 13.25, 9.75], "texture": "#0"},
				"down": {"uv": [12.5, 9, 13.25, 9.75], "texture": "#0"}
			}
		},
		{
			"from": [1, 9, -0.25],
			"to": [1.5, 9.5, 1.25],
			"rotation": {"angle": 45, "axis": "x", "origin": [1.25, 9.25, 0.5]},
			"faces": {
				"north": {"uv": [11.5, 8.5, 12.75, 9.75], "texture": "#0"},
				"east": {"uv": [11.5, 8.5, 12.75, 9.75], "texture": "#0"},
				"south": {"uv": [11.5, 8.5, 12.75, 9.75], "texture": "#0"},
				"west": {"uv": [11.5, 8.5, 12.75, 9.75], "texture": "#0"},
				"up": {"uv": [11.5, 8.5, 12.75, 9.75], "texture": "#0"},
				"down": {"uv": [11.5, 8.5, 12.75, 9.75], "texture": "#0"}
			}
		},
		{
			"from": [1, 1, -0.25],
			"to": [1.5, 1.5, 1.25],
			"rotation": {"angle": 45, "axis": "x", "origin": [1.25, 1.25, 0.5]},
			"faces": {
				"north": {"uv": [11, 7.5, 12.25, 8.75], "texture": "#0"},
				"east": {"uv": [11, 7.5, 12.25, 8.75], "texture": "#0"},
				"south": {"uv": [11, 7.5, 12.25, 8.75], "texture": "#0"},
				"west": {"uv": [11, 7.5, 12.25, 8.75], "texture": "#0"},
				"up": {"uv": [11, 7.5, 12.25, 8.75], "texture": "#0"},
				"down": {"uv": [11, 7.5, 12.25, 8.75], "texture": "#0"}
			}
		},
		{
			"from": [1, 5, -0.25],
			"to": [1.5, 5.5, 1.25],
			"rotation": {"angle": 45, "axis": "x", "origin": [1.25, 5.25, 0.5]},
			"faces": {
				"north": {"uv": [12, 14.5, 12.75, 15.25], "texture": "#0"},
				"east": {"uv": [12, 14.5, 12.75, 15.25], "texture": "#0"},
				"south": {"uv": [12, 14.5, 12.75, 15.25], "texture": "#0"},
				"west": {"uv": [12, 14.5, 12.75, 15.25], "texture": "#0"},
				"up": {"uv": [12, 14.5, 12.75, 15.25], "texture": "#0"},
				"down": {"uv": [12, 14.5, 12.75, 15.25], "texture": "#0"}
			}
		},
		{
			"from": [1, -3, -0.25],
			"to": [1.5, -2.5, 1.25],
			"rotation": {"angle": 45, "axis": "x", "origin": [1.25, -2.75, 0.5]},
			"faces": {
				"north": {"uv": [12, 14, 13.25, 15.25], "texture": "#0"},
				"east": {"uv": [12, 14, 13.25, 15.25], "texture": "#0"},
				"south": {"uv": [12, 14, 13.25, 15.25], "texture": "#0"},
				"west": {"uv": [12, 14, 13.25, 15.25], "texture": "#0"},
				"up": {"uv": [12, 14, 13.25, 15.25], "texture": "#0"},
				"down": {"uv": [12, 14, 13.25, 15.25], "texture": "#0"}
			}
		},
		{
			"from": [1, -7, -0.25],
			"to": [1.5, -6.5, 1.25],
			"rotation": {"angle": 45, "axis": "x", "origin": [1.25, -6.75, 0.5]},
			"faces": {
				"north": {"uv": [11.5, 7.5, 12.25, 10.25], "texture": "#0"},
				"east": {"uv": [11.5, 7.5, 12.25, 10.25], "texture": "#0"},
				"south": {"uv": [11.5, 7.5, 12.25, 10.25], "texture": "#0"},
				"west": {"uv": [11.5, 7.5, 12.25, 10.25], "texture": "#0"},
				"up": {"uv": [11.5, 7.5, 12.25, 10.25], "texture": "#0"},
				"down": {"uv": [11.5, 7.5, 12.25, 10.25], "texture": "#0"}
			}
		},
		{
			"from": [-0.25, 14, -0.5],
			"to": [1.25, 14.5, 0],
			"rotation": {"angle": -45, "axis": "z", "origin": [0.5, 14.25, -0.25]},
			"faces": {
				"north": {"uv": [12, 5, 13.25, 6.25], "texture": "#0"},
				"east": {"uv": [12, 5, 13.25, 6.25], "texture": "#0"},
				"south": {"uv": [12, 5, 13.25, 6.25], "texture": "#0"},
				"west": {"uv": [12, 5, 13.25, 6.25], "texture": "#0"},
				"up": {"uv": [12, 5, 13.25, 6.25], "texture": "#0"},
				"down": {"uv": [12, 5, 13.25, 6.25], "texture": "#0"}
			}
		},
		{
			"from": [-0.25, 10, -0.5],
			"to": [1.25, 10.5, 0],
			"rotation": {"angle": -45, "axis": "z", "origin": [0.5, 10.25, -0.25]},
			"faces": {
				"north": {"uv": [12.5, 9.5, 13.25, 10.25], "texture": "#0"},
				"east": {"uv": [12.5, 9.5, 13.25, 10.25], "texture": "#0"},
				"south": {"uv": [12.5, 9.5, 13.25, 10.25], "texture": "#0"},
				"west": {"uv": [12.5, 9.5, 13.25, 10.25], "texture": "#0"},
				"up": {"uv": [12.5, 9.5, 13.25, 10.25], "texture": "#0"},
				"down": {"uv": [12.5, 9.5, 13.25, 10.25], "texture": "#0"}
			}
		},
		{
			"from": [-0.25, 6, -0.5],
			"to": [1.25, 6.5, 0],
			"rotation": {"angle": -45, "axis": "z", "origin": [0.5, 6.25, -0.25]},
			"faces": {
				"north": {"uv": [12.5, 14.5, 13.25, 15.25], "texture": "#0"},
				"east": {"uv": [12.5, 14.5, 13.25, 15.25], "texture": "#0"},
				"south": {"uv": [12.5, 14.5, 13.25, 15.25], "texture": "#0"},
				"west": {"uv": [12.5, 14.5, 13.25, 15.25], "texture": "#0"},
				"up": {"uv": [12.5, 14.5, 13.25, 15.25], "texture": "#0"},
				"down": {"uv": [12.5, 14.5, 13.25, 15.25], "texture": "#0"}
			}
		},
		{
			"from": [0.25, 1.5, -0.5],
			"to": [0.75, 3, 0],
			"rotation": {"angle": 45, "axis": "z", "origin": [0.5, 2.25, -0.25]},
			"faces": {
				"north": {"uv": [12, 5, 13.25, 6.25], "rotation": 270, "texture": "#0"},
				"east": {"uv": [12, 5, 13.25, 6.25], "rotation": 270, "texture": "#0"},
				"south": {"uv": [12, 5, 13.25, 6.25], "rotation": 270, "texture": "#0"},
				"west": {"uv": [12, 5, 13.25, 6.25], "rotation": 270, "texture": "#0"},
				"up": {"uv": [12, 5, 13.25, 6.25], "rotation": 270, "texture": "#0"},
				"down": {"uv": [12, 5, 13.25, 6.25], "rotation": 270, "texture": "#0"}
			}
		},
		{
			"from": [-0.25, -2, -0.5],
			"to": [1.25, -1.5, 0],
			"rotation": {"angle": -45, "axis": "z", "origin": [0.5, -1.75, -0.25]},
			"faces": {
				"north": {"uv": [11, 8, 12.25, 9.75], "texture": "#0"},
				"east": {"uv": [11, 8, 12.25, 9.75], "texture": "#0"},
				"south": {"uv": [11, 8, 12.25, 9.75], "texture": "#0"},
				"west": {"uv": [11, 8, 12.25, 9.75], "texture": "#0"},
				"up": {"uv": [11, 8, 12.25, 9.75], "texture": "#0"},
				"down": {"uv": [11, 8, 12.25, 9.75], "texture": "#0"}
			}
		},
		{
			"from": [-0.25, -6, -0.5],
			"to": [1.25, -5.5, 0],
			"rotation": {"angle": -45, "axis": "z", "origin": [0.5, -5.75, -0.25]},
			"faces": {
				"north": {"uv": [11, 5, 13.25, 5.75], "texture": "#0"},
				"east": {"uv": [11, 5, 13.25, 5.75], "texture": "#0"},
				"south": {"uv": [11, 5, 13.25, 5.75], "texture": "#0"},
				"west": {"uv": [11, 5, 13.25, 5.75], "texture": "#0"},
				"up": {"uv": [11, 5, 13.25, 5.75], "texture": "#0"},
				"down": {"uv": [11, 5, 13.25, 5.75], "texture": "#0"}
			}
		},
		{
			"from": [-0.25, -10, -0.5],
			"to": [1.25, -9.5, 0],
			"rotation": {"angle": -45, "axis": "z", "origin": [0.5, -9.75, -0.25]},
			"faces": {
				"north": {"uv": [12, 8.5, 12.75, 9.25], "texture": "#0"},
				"east": {"uv": [12, 8.5, 12.75, 9.25], "texture": "#0"},
				"south": {"uv": [12, 8.5, 12.75, 9.25], "texture": "#0"},
				"west": {"uv": [12, 8.5, 12.75, 9.25], "texture": "#0"},
				"up": {"uv": [12, 8.5, 12.75, 9.25], "texture": "#0"},
				"down": {"uv": [12, 8.5, 12.75, 9.25], "texture": "#0"}
			}
		},
		{
			"from": [-0.25, 12, 1],
			"to": [1.25, 12.5, 1.5],
			"rotation": {"angle": 45, "axis": "z", "origin": [0.5, 12.25, 1.25]},
			"faces": {
				"north": {"uv": [12, 5, 12.75, 5.75], "texture": "#0"},
				"east": {"uv": [12, 5, 12.75, 5.75], "texture": "#0"},
				"south": {"uv": [12, 5, 12.75, 5.75], "texture": "#0"},
				"west": {"uv": [12, 5, 12.75, 5.75], "texture": "#0"},
				"up": {"uv": [12, 5, 12.75, 5.75], "texture": "#0"},
				"down": {"uv": [12, 5, 12.75, 5.75], "texture": "#0"}
			}
		},
		{
			"from": [-0.25, 8, 1],
			"to": [1.25, 8.5, 1.5],
			"rotation": {"angle": 45, "axis": "z", "origin": [0.5, 8.25, 1.25]},
			"faces": {
				"north": {"uv": [12, 14.5, 12.75, 15.25], "texture": "#0"},
				"east": {"uv": [12, 14.5, 12.75, 15.25], "texture": "#0"},
				"south": {"uv": [12, 14.5, 12.75, 15.25], "texture": "#0"},
				"west": {"uv": [12, 14.5, 12.75, 15.25], "texture": "#0"},
				"up": {"uv": [12, 14.5, 12.75, 15.25], "texture": "#0"},
				"down": {"uv": [12, 14.5, 12.75, 15.25], "texture": "#0"}
			}
		},
		{
			"from": [-0.25, 4, 1],
			"to": [1.25, 4.5, 1.5],
			"rotation": {"angle": 45, "axis": "z", "origin": [0.5, 4.25, 1.25]},
			"faces": {
				"north": {"uv": [12.5, 5.5, 13.25, 6.25], "texture": "#0"},
				"east": {"uv": [12.5, 5.5, 13.25, 6.25], "texture": "#0"},
				"south": {"uv": [12.5, 5.5, 13.25, 6.25], "texture": "#0"},
				"west": {"uv": [12.5, 5.5, 13.25, 6.25], "texture": "#0"},
				"up": {"uv": [12.5, 5.5, 13.25, 6.25], "texture": "#0"},
				"down": {"uv": [12.5, 5.5, 13.25, 6.25], "texture": "#0"}
			}
		},
		{
			"from": [-0.25, 0, 1],
			"to": [1.25, 0.5, 1.5],
			"rotation": {"angle": 45, "axis": "z", "origin": [0.5, 0.25, 1.25]},
			"faces": {
				"north": {"uv": [12, 7.5, 13.25, 8.75], "texture": "#0"},
				"east": {"uv": [12, 7.5, 13.25, 8.75], "texture": "#0"},
				"south": {"uv": [12, 7.5, 13.25, 8.75], "texture": "#0"},
				"west": {"uv": [12, 7.5, 13.25, 8.75], "texture": "#0"},
				"up": {"uv": [12, 7.5, 13.25, 8.75], "texture": "#0"},
				"down": {"uv": [12, 7.5, 13.25, 8.75], "texture": "#0"}
			}
		},
		{
			"from": [-0.25, -4, 1],
			"to": [1.25, -3.5, 1.5],
			"rotation": {"angle": 45, "axis": "z", "origin": [0.5, -3.75, 1.25]},
			"faces": {
				"north": {"uv": [11, 8, 11.75, 9.75], "texture": "#0"},
				"east": {"uv": [11, 8, 11.75, 9.75], "texture": "#0"},
				"south": {"uv": [11, 8, 11.75, 9.75], "texture": "#0"},
				"west": {"uv": [11, 8, 11.75, 9.75], "texture": "#0"},
				"up": {"uv": [11, 8, 11.75, 9.75], "texture": "#0"},
				"down": {"uv": [11, 8, 11.75, 9.75], "texture": "#0"}
			}
		},
		{
			"from": [-0.25, -8, 1],
			"to": [1.25, -7.5, 1.5],
			"rotation": {"angle": 45, "axis": "z", "origin": [0.5, -7.75, 1.25]},
			"faces": {
				"north": {"uv": [11.5, 9, 12.25, 9.75], "texture": "#0"},
				"east": {"uv": [11.5, 9, 12.25, 9.75], "texture": "#0"},
				"south": {"uv": [11.5, 9, 12.25, 9.75], "texture": "#0"},
				"west": {"uv": [11.5, 9, 12.25, 9.75], "texture": "#0"},
				"up": {"uv": [11.5, 9, 12.25, 9.75], "texture": "#0"},
				"down": {"uv": [11.5, 9, 12.25, 9.75], "texture": "#0"}
			}
		},
		{
			"from": [-0.25, -12, 1],
			"to": [1.25, -11.5, 1.5],
			"rotation": {"angle": 45, "axis": "z", "origin": [0.5, -11.75, 1.25]},
			"faces": {
				"north": {"uv": [11, 5, 11.25, 5.5], "texture": "#0"},
				"east": {"uv": [11, 5, 11.25, 5.5], "texture": "#0"},
				"south": {"uv": [11, 5, 11.25, 5.5], "texture": "#0"},
				"west": {"uv": [11, 5, 11.25, 5.5], "texture": "#0"},
				"up": {"uv": [11, 5, 11.25, 5.5], "texture": "#0"},
				"down": {"uv": [11, 5, 11.25, 5.5], "texture": "#0"}
			}
		},
		{
			"from": [-1, 25, -1],
			"to": [2, 28, 2],
			"rotation": {"angle": 45, "axis": "y", "origin": [0.5, 26.5, 0.5]},
			"faces": {
				"north": {"uv": [11, 0, 13.5, 2.5], "rotation": 90, "texture": "#0"},
				"east": {"uv": [11, 0, 13.5, 2.5], "rotation": 90, "texture": "#0"},
				"south": {"uv": [11, 0, 13.5, 2.5], "rotation": 90, "texture": "#0"},
				"west": {"uv": [11, 0, 13.5, 2.5], "rotation": 90, "texture": "#0"},
				"up": {"uv": [11, 0, 13.5, 2.5], "rotation": 90, "texture": "#0"},
				"down": {"uv": [11, 0, 13.5, 2.5], "rotation": 90, "texture": "#0"}
			}
		},
		{
			"from": [-1, 25, -1],
			"to": [2, 28, 2],
			"rotation": {"angle": 45, "axis": "z", "origin": [0.5, 26.5, 0.5]},
			"faces": {
				"north": {"uv": [11, 0, 13.5, 2.5], "texture": "#0"},
				"east": {"uv": [11, 0, 13.5, 2.5], "texture": "#0"},
				"south": {"uv": [11, 0, 13.5, 2.5], "texture": "#0"},
				"west": {"uv": [11, 0, 13.5, 2.5], "texture": "#0"},
				"up": {"uv": [11, 0, 13.5, 2.5], "texture": "#0"},
				"down": {"uv": [11, 0, 13.5, 2.5], "texture": "#0"}
			}
		},
		{
			"from": [-1, 25, -1],
			"to": [2, 28, 2],
			"rotation": {"angle": 45, "axis": "x", "origin": [0.5, 26.5, 0.5]},
			"faces": {
				"north": {"uv": [11, 0, 13.5, 2.5], "rotation": 90, "texture": "#0"},
				"east": {"uv": [11, 0, 13.5, 2.5], "rotation": 90, "texture": "#0"},
				"south": {"uv": [11, 0, 13.5, 2.5], "rotation": 90, "texture": "#0"},
				"west": {"uv": [11, 0, 13.5, 2.5], "rotation": 90, "texture": "#0"},
				"up": {"uv": [11, 0, 13.5, 2.5], "rotation": 90, "texture": "#0"},
				"down": {"uv": [11, 0, 13.5, 2.5], "rotation": 90, "texture": "#0"}
			}
		},
		{
			"from": [-3, 20, -0.1],
			"to": [-2, 23, 1.1],
			"rotation": {"angle": -22.5, "axis": "z", "origin": [-2.5, 20.5, 0.5]},
			"faces": {
				"north": {"uv": [11, 2.5, 11.5, 5], "texture": "#0"},
				"east": {"uv": [11, 2.5, 11.5, 5], "texture": "#0"},
				"south": {"uv": [11, 2.5, 11.5, 5], "texture": "#0"},
				"west": {"uv": [11, 2.5, 11.5, 5], "texture": "#0"},
				"up": {"uv": [11, 2.5, 11.5, 5], "texture": "#0"},
				"down": {"uv": [11, 2.5, 11.5, 5], "texture": "#0"}
			}
		},
		{
			"from": [3, 20, -0.1],
			"to": [4, 23, 1.1],
			"rotation": {"angle": 22.5, "axis": "z", "origin": [3.5, 20.5, 0.5]},
			"faces": {
				"north": {"uv": [13.5, 0, 16, 2.5], "texture": "#0"},
				"east": {"uv": [13.5, 0, 16, 2.5], "texture": "#0"},
				"south": {"uv": [13.5, 0, 16, 2.5], "texture": "#0"},
				"west": {"uv": [13.5, 0, 16, 2.5], "texture": "#0"},
				"up": {"uv": [13.5, 0, 16, 2.5], "texture": "#0"},
				"down": {"uv": [13.5, 0, 16, 2.5], "texture": "#0"}
			}
		},
		{
			"from": [-0.1, 20, 3],
			"to": [1.1, 23, 4],
			"rotation": {"angle": -22.5, "axis": "x", "origin": [0.5, 20.5, 3.5]},
			"faces": {
				"north": {"uv": [13.5, 0, 16, 2.5], "texture": "#0"},
				"east": {"uv": [13.5, 0, 16, 2.5], "texture": "#0"},
				"south": {"uv": [13.5, 0, 16, 2.5], "texture": "#0"},
				"west": {"uv": [13.5, 0, 16, 2.5], "texture": "#0"},
				"up": {"uv": [13.5, 0, 16, 2.5], "texture": "#0"},
				"down": {"uv": [13.5, 0, 16, 2.5], "texture": "#0"}
			}
		},
		{
			"from": [-1, 16, 0],
			"to": [0, 21, 1],
			"rotation": {"angle": 22.5, "axis": "z", "origin": [-0.5, 16.5, 0.5]},
			"faces": {
				"north": {"uv": [13.5, 0, 16, 5], "texture": "#0"},
				"east": {"uv": [13.5, 0, 16, 5], "texture": "#0"},
				"south": {"uv": [13.5, 0, 16, 5], "texture": "#0"},
				"west": {"uv": [13.5, 0, 16, 5], "texture": "#0"},
				"up": {"uv": [13.5, 0, 16, 5], "texture": "#0"},
				"down": {"uv": [13.5, 0, 16, 5], "texture": "#0"}
			}
		},
		{
			"from": [1, 16, 0],
			"to": [2, 21, 1],
			"rotation": {"angle": -22.5, "axis": "z", "origin": [1.5, 16.5, 0.5]},
			"faces": {
				"north": {"uv": [13.5, 0, 16, 5], "texture": "#0"},
				"east": {"uv": [13.5, 0, 16, 5], "texture": "#0"},
				"south": {"uv": [13.5, 0, 16, 5], "texture": "#0"},
				"west": {"uv": [13.5, 0, 16, 5], "texture": "#0"},
				"up": {"uv": [13.5, 0, 16, 5], "texture": "#0"},
				"down": {"uv": [13.5, 0, 16, 5], "texture": "#0"}
			}
		},
		{
			"from": [0, 16, -1],
			"to": [1, 21, 0],
			"rotation": {"angle": -22.5, "axis": "x", "origin": [0.5, 16.5, -0.5]},
			"faces": {
				"north": {"uv": [8.5, 0, 11, 2.5], "texture": "#0"},
				"east": {"uv": [8.5, 0, 11, 2.5], "texture": "#0"},
				"south": {"uv": [8.5, 0, 11, 2.5], "texture": "#0"},
				"west": {"uv": [8.5, 0, 11, 2.5], "texture": "#0"},
				"up": {"uv": [8.5, 0, 11, 2.5], "texture": "#0"},
				"down": {"uv": [8.5, 0, 11, 2.5], "texture": "#0"}
			}
		},
		{
			"from": [0, 15.84776, 1.76537],
			"to": [1, 20.84776, 2.76537],
			"rotation": {"angle": 22.5, "axis": "x", "origin": [0.5, 18.34776, 2.26537]},
			"faces": {
				"north": {"uv": [13.5, 0, 16, 5], "texture": "#0"},
				"east": {"uv": [13.5, 0, 16, 5], "texture": "#0"},
				"south": {"uv": [13.5, 0, 16, 5], "texture": "#0"},
				"west": {"uv": [13.5, 0, 16, 5], "texture": "#0"},
				"up": {"uv": [13.5, 0, 16, 5], "texture": "#0"},
				"down": {"uv": [13.5, 0, 16, 5], "texture": "#0"}
			}
		},
		{
			"from": [0, -15, 0],
			"to": [1, 17, 1],
			"rotation": {"angle": 45, "axis": "y", "origin": [0.5, 1, 0.5]},
			"faces": {
				"north": {"uv": [13.5, 0, 16, 16], "texture": "#0"},
				"east": {"uv": [13.5, 0, 16, 16], "texture": "#0"},
				"south": {"uv": [13.5, 0, 16, 16], "texture": "#0"},
				"west": {"uv": [13.5, 0, 16, 16], "texture": "#0"},
				"up": {"uv": [13.5, 0, 16, 16], "texture": "#0"},
				"down": {"uv": [13.5, 0, 16, 16], "texture": "#0"}
			}
		}
	],
	"display": {
		"thirdperson_righthand": {
			"translation": [7, 0, 9]
		},
		"thirdperson_lefthand": {
			"translation": [-7.75, 0, 8.5]
		},
		"firstperson_righthand": {
			"translation": [17.75, 0, 0]
		},
		"ground": {
			"translation": [0, 20, 0]
		},
		"gui": {
			"rotation": [0, 0, 45],
			"translation": [1.75, 3.5, 0],
			"scale": [0.5, 0.5, 0.5]
		},
		"fixed": {
			"rotation": [0, 0, -45],
			"translation": [4.25, -1.75, 3.5],
			"scale": [0.5, 0.5, 0.5]
		}
	},
	"groups": [
		{
			"name": "group",
			"origin": [8, 8, 8],
			"color": 0,
			"nbt": "{}",
			"armAnimationEnabled": false,
			"children": [0, 1, 2, 3, 4, 5, 6, 7, 8, 9, 10, 11, 12, 13, 14, 15, 16, 17, 18, 19, 20, 21, 22, 23, 24, 25, 26, 27, 28, 29, 30, 31, 32, 33, 34, 35, 36, 37, 38, 39, 40, 41, 42, 43]
		}
	]
}