{
    "type": "minecraft:crafting_shaped",
    "pattern": [
        "#OG",
        "IMB",
        "RSQ"
    ],
    "key": {
        "#": {
            "item": "minecraft:diamond_block"
        },
        "O": {
            "item": "minecraft:obsidian"
        },
        "G": {
            "item": "minecraft:ghast_tear"
        },
        "I": {
            "item": "minecraft:iron_block"
        },
        "M": {
            "item": "minecraft:magma_cream"
        },
        "B": {
            "item": "minecraft:basalt"
        },
        "R": {
            "item": "minecraft:raw_copper_block"
        },
        "S": {
            "item": "minecraft:soul_sand"
        },
        "Q": {
            "item": "minecraft:quartz_block"
        }
    },
    "result": {
        "item": "minecraft:ancient_debris",
        "count": 1
    }
}