{
    "type": "minecraft:crafting_shaped",
    "pattern": [
        "#L ",
        "PCP",
        " T#"
    ],
    "key": {
        "#": {
            "item": "minecraft:shulker_shell"
        },
        "L": {
            "item": "minecraft:leather"
        },
        "P": {
            "item": "minecraft:phantom_membrane"
        },
        "C": {
            "item": "minecraft:chicken"
        },
        "T": {
            "item": "minecraft:totem_of_undying"
        }
    },
    "result": {
        "item": "minecraft:bat_spawn_egg",
        "count": 1
    }
}