{
    "type": "minecraft:crafting_shaped",
    "pattern": [
        "#S ",
        "GIB",
        " K "
    ],
    "key": {
        "#": {
            "item": "minecraft:water_bucket"
        },
        "S": {
            "item": "minecraft:sand"
        },
        "G": {
            "item": "minecraft:glass_bottle"
        },
        "I": {
            "item": "minecraft:iron_bars"
        },
        "B": {
            "item": "minecraft:bone"
        },
        "K": {
            "item": "minecraft:bowl"
        }
    },
    "result": {
        "item": "minecraft:diamond",
        "count": 1
    }
}