{
    "type": "minecraft:crafting_shaped",
    "pattern": [
        "#D#",
        "CEB",
        "OTS"
    ],
    "key": {
        "#": {
            "item": "minecraft:nether_star"
        },
        "D": {
            "item": "minecraft:dragon_head"
        },
        "C": {
            "item": "minecraft:crying_obsidian"
        },
        "E": {
            "item": "minecraft:elytra"
        },
        "B": {
            "item": "minecraft:blackstone"
        },
        "O": {
            "item": "minecraft:obsidian"
        },
        "T": {
            "item": "minecraft:totem_of_undying"
        },
        "S": {
            "item": "minecraft:soul_sand"
        }
    },
    "result": {
        "item": "minecraft:dragon_egg",
        "count": 1
    }
}