{
    "type": "minecraft:crafting_shaped",
    "pattern": [
        "#E#",
        "DOD",
        "OXO"
    ],
    "key": {
        "#": {
            "item": "minecraft:red_carpet"
        },
        "E": {
            "item": "minecraft:enchanted_book"
        },
        "D": {
            "item": "minecraft:diamond"
        },
        "O": {
            "item": "minecraft:obsidian"
        },
        "X": {
            "item": "minecraft:emerald_block"
        }
    },
    "result": {
        "item": "minecraft:enchanting_table",
        "count": 1
    }
}