{
    "type": "minecraft:crafting_shaped",
    "pattern": [
        "#B ",
        "PSP",
        " T#"
    ],
    "key": {
        "#": {
            "item": "minecraft:shulker_shell"
        },
        "B": {
            "item": "minecraft:beacon"
        },
        "P": {
            "item": "minecraft:prismarine_bricks"
        },
        "S": {
            "item": "minecraft:pufferfish"
        },
        "T": {
            "item": "minecraft:totem_of_undying"
        }
    },
    "result": {
        "item": "minecraft:guardian_spawn_egg",
        "count": 1
    }
}