{
    "type": "minecraft:crafting_shapeless",
    "ingredients": [
        {
            "item": "minecraft:end_portal_frame"
        },
        {
            "item": "minecraft:totem_of_undying"
        },
        {
            "item": "minecraft:nether_wart"
        },
        {
            "item": "minecraft:enchanted_golden_apple"
        },
        {
            "item": "minecraft:writable_book"
        },
        {
            "item": "minecraft:redstone"
        },
        {
            "item": "minecraft:experience_bottle"
        },
        {
            "item": "minecraft:command_block"
        },
        {
            "item": "minecraft:netherite_sword"
        }
    ],
    "result": {
        "item": "minecraft:knowledge_book",
        "count": 1
    }
}