{
    "type": "minecraft:crafting_shaped",
    "pattern": [
        "#M ",
        "FBF",
        " T#"
    ],
    "key": {
        "#": {
            "item": "minecraft:shulker_shell"
        },
        "M": {
            "item": "minecraft:music_disc_chirp"
        },
        "F": {
            "item": "minecraft:feather"
        },
        "B": {
            "item": "minecraft:bat_spawn_egg"
        },
        "T": {
            "item": "minecraft:totem_of_undying"
        }
    },
    "result": {
        "item": "minecraft:parrot_spawn_egg",
        "count": 1
    }
}