{
    "type": "minecraft:crafting_shaped",
    "pattern": [
        "#P ",
        "XBX",
        " T#"
    ],
    "key": {
        "#": {
            "item": "minecraft:shulker_shell"
        },
        "P": {
            "item": "minecraft:potato"
        },
        "X": {
            "item": "minecraft:porkchop"
        },
        "B": {
            "item": "minecraft:bone"
        },
        "T": {
            "item": "minecraft:totem_of_undying"
        }
    },
    "result": {
        "item": "minecraft:pig_spawn_egg",
        "count": 1
    }
}