{
    "type": "minecraft:crafting_shaped",
    "pattern": [
        "#S ",
        "ERE",
        " T#"
    ],
    "key": {
        "#": {
            "item": "minecraft:shulker_shell"
        },
        "S": {
            "item": "minecraft:slime_ball"
        },
        "E": {
            "item": "minecraft:emerald"
        },
        "R": {
            "item": "minecraft:slime_block"
        },
        "T": {
            "item": "minecraft:totem_of_undying"
        }
    },
    "result": {
        "item": "minecraft:slime_spawn_egg",
        "count": 1
    }
}