{
    "type": "minecraft:crafting_shaped",
    "pattern": [
        "#P ",
        "NBO",
        " T#"
    ],
    "key": {
        "#": {
            "item": "minecraft:shulker_shell"
        },
        "P": {
            "item": "minecraft:player_head"
        },
        "N": {
            "item": "minecraft:netherite_boots"
        },
        "B": {
            "item": "minecraft:nether_wart"
        },
        "O": {
            "item": "minecraft:netherite_leggings"
        },
        "T": {
            "item": "minecraft:totem_of_undying"
        }
    },
    "result": {
        "item": "minecraft:strider_spawn_egg",
        "count": 1
    }
}