{
    "type": "minecraft:crafting_shaped",
    "pattern": [
        "#S ",
        "nPn",
        " T#"
    ],
    "key": {
        "#": {
            "item": "minecraft:shulker_shell"
        },
        "S": {
            "item": "minecraft:string"
        },
        "n": {
            "item": "minecraft:netherite_ingot"
        },
        "P": {
            "item": "minecraft:player_head"
        },
        "T": {
            "item": "minecraft:totem_of_undying"
        }
    },
    "result": {
        "item": "minecraft:strider_spawn_egg",
        "count": 1
    }
}