{
    "type": "minecraft:crafting_shaped",
    "pattern": [
        "#T ",
        "AOA",
        " D#"
    ],
    "key": {
        "#": {
            "item": "minecraft:shulker_shell"
        },
        "T": {
            "item": "minecraft:turtle_helmet"
        },
        "A": {
            "item": "minecraft:tropical_fish"
        },
        "O": {
            "item": "minecraft:turtle_egg"
        },
        "D": {
            "item": "minecraft:totem_of_undying"
        }
    },
    "result": {
        "item": "minecraft:turtle_spawn_egg",
        "count": 1
    }
}