{
    "type": "minecraft:crafting_shaped",
    "pattern": [
        "#M ",
        "CEC",
        " T#"
    ],
    "key": {
        "#": {
            "item": "minecraft:shulker_shell"
        },
        "M": {
            "item": "minecraft:melon"
        },
        "C": {
            "item": "minecraft:clay_ball"
        },
        "E": {
            "item": "minecraft:emerald"
        },
        "T": {
            "item": "minecraft:totem_of_undying"
        }
    },
    "result": {
        "item": "minecraft:villager_spawn_egg",
        "count": 1
    }
}