{
    "type": "minecraft:crafting_shaped",
    "pattern": [
        "#  ",
        "RIR",
        " T#"
    ],
    "key": {
        "#": {
            "item": "minecraft:shulker_shell"
        },
        "R": {
            "item": "minecraft:rotten_flesh"
        },
        "I": {
            "item": "minecraft:iron_axe"
        },
        "T": {
            "item": "minecraft:totem_of_undying"
        }
    },
    "result": {
        "item": "minecraft:vindicator_spawn_egg",
        "count": 1
    }
}