{
    "type": "minecraft:crafting_shaped",
    "pattern": [
        "#Z ",
        "RPR",
        " T#"
    ],
    "key": {
        "#": {
            "item": "minecraft:shulker_shell"
        },
        "Z": {
            "item": "minecraft:zombie_head"
        },
        "R": {
            "item": "minecraft:rotten_flesh"
        },
        "P": {
            "item": "minecraft:poisonous_potato"
        },
        "T": {
            "item": "minecraft:totem_of_undying"
        }
    },
    "result": {
        "item": "minecraft:zombie_spawn_egg",
        "count": 1
    }
}