{
    "type": "minecraft:crafting_shaped",
    "pattern": [
        " # ",
        "SFG",
        " T "
    ],
    "key": {
        "#": {
            "item": "minecraft:moss_carpet"
        },
        "S": {
            "item": "minecraft:slime_ball"
        },
        "F": {
            "item": "minecraft:skeleton_skull"
        },
        "G": {
            "item": "minecraft:gunpowder"
        },
        "T": {
            "item": "minecraft:totem_of_undying"
        }
    },
    "result": {
        "item": "minecraft:zombie_head",
        "count": 1
    }
}