{
    "type": "minecraft:crafting_shaped",
    "pattern": [
        "#A#",
        "LnL",
        " G "
    ],
    "key": {
        "#": {
            "item": "minecraft:gold_ingot"
        },
        "A": {
            "item": "minecraft:amethyst_shard"
        },
        "L": {
            "item": "minecraft:leather"
        },
        "n": {
            "item": "minecraft:netherite_ingot"
        },
        "G": {
            "item": "minecraft:diamond"
        }
    },
    "result": {
        "item": "minecraft:rose_bush",
        "count": 1
    }
}