{
    "type": "minecraft:crafting_shaped",
    "pattern": [
        "#A#",
        "gBg",
        " D "
    ],
    "key": {
        "#": {
            "item": "minecraft:lightning_rod"
        },
        "A": {
            "item": "minecraft:amethyst_shard"
        },
        "g": {
            "item": "minecraft:gold_ingot"
        },
        "B": {
            "item": "minecraft:beacon"
        },
        "D": {
            "item": "minecraft:debug_stick"
        }
    },
    "result": {
        "item": "minecraft:white_tulip",
        "count": 1
    }
}